Track Name,Danceability,Energy,Key,Loudness,Mode,Speechiness,Acousticness,Instrumentalness,Liveness,Valence,Tempo,Genre
I Can Change,0.644,0.73,1,-6.565,1,0.0287,0.00215,0.00178,0.233,0.695,116.981,E-Rock
DARE,0.76,0.891,11,-5.852,0,0.0372,0.0229,0.0869,0.298,0.966,120.264,E-Rock
Electric Feel,0.763,0.803,1,-3.713,1,0.0351,0.0709,0.285,0.348,0.561,103.04,E-Rock
Walking On A Dream,0.87,0.699,5,-5.541,0,0.0459,0.245,6.76E-06,0.0588,0.726,126.967,E-Rock
Pressure,0.622,0.842,11,-3.678,0,0.0609,0.00342,0.00014,0.0575,0.724,136.041,E-Rock
Caffeinated Consciousness,0.563,0.924,10,-3.909,0,0.0511,0.00529,0.883,0.145,0.618,94.057,E-Rock
Space Dunk,0.587,0.869,0,-5.903,0,0.0356,0.0153,0.000951,0.0939,0.423,119.939,E-Rock
As I Am,0.804,0.827,1,-7.336,1,0.0622,0.0202,0.708,0.0517,0.385,116.988,E-Rock
I'm Changing My Plan,0.525,0.495,9,-6.216,0,0.0476,0.347,0.456,0.18,0.278,120.174,E-Rock
Good Boy,0.48,0.915,11,-3.045,0,0.0587,0.000702,0.000151,0.418,0.355,158.069,E-Rock
No,0.683,0.878,8,-7.257,0,0.0424,0.327,0.0553,0.0955,0.721,116.007,E-Rock
Jezebel,0.673,0.706,9,-7.686,1,0.0324,0.185,0,0.128,0.624,111.966,E-Rock
Changing of The Season,0.604,0.86,7,-6.561,1,0.04,0.00679,0.339,0.0947,0.693,152.067,E-Rock
Embrace You,0.209,0.587,9,-8.462,0,0.042,0.0555,0.000876,0.176,0.0745,167.983,E-Rock
Serpentine,0.356,0.834,11,-7.574,0,0.0386,0.000213,0.669,0.646,0.646,170.12,E-Rock
All I Ever Do Now,0.663,0.6,3,-10.92,1,0.0383,0.25,0.00506,0.205,0.482,118.006,E-Rock
Tense,0.612,0.805,0,-7.736,1,0.0369,0.043,0.847,0.181,0.249,107.006,E-Rock
The World Is Going to End Tomorrow,0.463,0.834,2,-5.843,1,0.0716,0.000391,0.0043,0.371,0.725,86.208,E-Rock
Wrang,0.563,0.741,2,-8.364,0,0.0514,0.0663,0.209,0.127,0.251,91.997,E-Rock
You Are,0.75,0.5,5,-7.661,0,0.0271,0.106,0.00786,0.191,0.404,108.013,E-Rock
Malcontents,0.427,0.895,5,-7.292,0,0.0502,0.000942,0.419,0.555,0.378,135.981,E-Rock
I Like Kale,0.73,0.698,6,-7.418,0,0.0304,0.199,0.118,0.0891,0.771,122.021,E-Rock
Would?,0.491,0.914,10,-3.747,0,0.0376,0.000482,0.0417,0.111,0.165,98.986,E-Rock
Cannibals,0.418,0.745,10,-7.136,0,0.0521,0.372,0.501,0.602,0.603,105.966,E-Rock
Never Enough,0.573,0.755,0,-6.046,1,0.027,0.000365,0.174,0.296,0.473,100.013,E-Rock
Golden Bird & Sadies Sloth,0.685,0.472,4,-7.375,0,0.0718,0.656,0,0.191,0.722,179.878,E-Rock
Head Underwater,0.831,0.74,10,-8.345,1,0.0418,0.237,0.0749,0.0779,0.932,110.559,E-Rock
Big Push,0.56,0.853,2,-6.325,1,0.0423,0.000398,0.805,0.128,0.281,109.985,E-Rock
Never Win,0.801,0.544,8,-5.858,1,0.0363,0.000738,0.000363,0.0596,0.783,112.009,E-Rock
Cream On Chrome,0.79,0.692,7,-4.704,0,0.0532,0.0275,0.369,0.528,0.82,100.264,E-Rock
It's No Good,0.603,0.756,10,-6.48,0,0.0344,0.0085,0.0479,0.0824,0.184,99.107,E-Rock
The Less I Know The Better,0.64,0.74,4,-4.083,1,0.0284,0.0115,0.00678,0.167,0.785,116.879,E-Rock
Dead Fingers Talking,0.518,0.792,2,-13.335,1,0.0406,0.000181,0.383,0.346,0.384,104.003,E-Rock
Dissolved Girl,0.646,0.602,5,-11.316,0,0.0281,0.0351,0.819,0.0635,0.662,131.994,E-Rock
Sprawl II (Mountains Beyond Mountains),0.518,0.81,8,-6.445,1,0.029,0.016,0.0013,0.115,0.179,99.968,E-Rock
Vanished,0.707,0.87,0,-6.66,0,0.0298,0.00184,6.65E-05,0.292,0.669,119.979,E-Rock
Far From Gone,0.722,0.626,4,-6.836,1,0.0274,0.127,0.37,0.0864,0.0782,111.991,E-Rock
Gold Dayzz,0.655,0.827,7,-4.997,1,0.0261,0.00489,0.791,0.16,0.415,98.1,E-Rock
Get Innocuous!,0.696,0.963,2,-6.625,0,0.0398,0.0105,0.857,0.0872,0.574,118.01,E-Rock
Higher,0.362,0.5,7,-8.722,1,0.0308,0.0684,0.00177,0.105,0.11,85.982,E-Rock
Map of the Problematique,0.493,0.959,8,-3.613,1,0.0414,0.000386,0.118,0.254,0.703,125.04,E-Rock
Ingenue,0.684,0.542,5,-10.559,1,0.0382,0.836,0.812,0.133,0.441,96.88,E-Rock
Odessa,0.694,0.896,1,-6.099,1,0.0386,0.00369,0.0915,0.344,0.562,118.03,E-Rock
Pride,0.322,0.909,4,-3.803,1,0.0412,0.00225,0.456,0.0971,0.2,170.045,E-Rock
Hold My Hand,0.476,0.899,4,-6.055,0,0.0373,0.00374,0.733,0.336,0.308,100.976,E-Rock
Young Blood,0.579,0.865,6,-4.692,1,0.0302,5.63E-05,0.000221,0.649,0.358,104.99,E-Rock
Lights & Music,0.612,0.939,10,-4.206,0,0.0412,0.0763,0.119,0.749,0.543,125.981,E-Rock
Lotus Flower,0.721,0.676,2,-8.78,0,0.0321,0.0895,0.336,0.0826,0.621,127.997,E-Rock
Lotuk,0.648,0.535,0,-10.483,1,0.0362,0.025,0.775,0.122,0.374,142.035,E-Rock
Miasma Sky,0.639,0.591,9,-11.288,0,0.0345,0.23,0.765,0.108,0.323,120.032,E-Rock
All My Friends,0.701,0.788,2,-5.611,1,0.0425,0.148,0.625,0.0977,0.795,142.584,E-Rock
Midnight City,0.507,0.729,11,-5.399,0,0.0393,0.0182,1.40E-06,0.0658,0.272,105.013,E-Rock
My Blood,0.749,0.723,1,-6.609,1,0.0432,0.0563,0.022,0.0977,0.674,108.999,E-Rock
Tribulations,0.694,0.773,6,-5.61,0,0.0352,3.27E-05,0.883,0.0761,0.896,132.012,E-Rock
Waiting on the Summer,0.553,0.811,4,-5.832,1,0.111,0.0449,0,0.101,0.629,104.988,E-Rock
On Melancholy Hill,0.689,0.739,2,-5.81,1,0.026,1.51E-05,0.509,0.064,0.578,120.423,E-Rock
Ready For The Floor,0.764,0.759,1,-5.443,0,0.0413,0.00903,0,0.0746,0.937,128.999,E-Rock
Wildcat,0.703,0.718,1,-7.522,1,0.0669,0.0479,0.432,0.0415,0.785,115.993,E-Rock
Pogo,0.403,0.754,0,-5.256,1,0.0441,6.08E-05,7.73E-05,0.529,0.398,136.021,E-Rock
Ports,0.508,0.597,1,-9.046,1,0.0373,0.129,0.775,0.0922,0.275,174.03,E-Rock
Precious,0.568,0.883,1,-4.575,1,0.0271,0.0973,0.0476,0.104,0.861,104.987,E-Rock
Papillon,0.505,0.949,7,-5.157,1,0.0612,2.05E-05,0.00662,0.301,0.633,125.99,E-Rock
Restless,0.319,0.908,8,-3.15,1,0.139,0.0055,0.221,0.0611,0.533,111.939,E-Rock
Loud Pipes,0.718,0.703,7,-7.162,0,0.0382,0.109,0.822,0.208,0.858,87.975,E-Rock
DLZ,0.51,0.875,8,-3.985,0,0.0425,0.0306,0.00157,0.106,0.592,176.012,E-Rock
Before Your Very Eyes...,0.552,0.81,10,-11.19,0,0.0377,0.114,0.839,0.0926,0.411,123.983,E-Rock
Hands Around My Throat,0.614,0.781,8,-8.467,1,0.0297,0.00768,0.783,0.198,0.25,128.025,E-Rock
Kids,0.451,0.931,9,-3.871,1,0.0719,0.00076,0.0049,0.361,0.172,122.961,E-Rock
Estupendo,0.657,0.659,0,-8.528,1,0.028,0.00419,0.347,0.628,0.879,122,E-Rock
Tranz,0.649,0.883,7,-5.058,1,0.0306,0.0324,0.0185,0.0658,0.779,135.141,E-Rock
UH,0.969,0.658,0,-6.515,1,0.195,0.00366,0.814,0.105,0.739,109.975,E-Rock
Uprising,0.602,0.905,2,-4.046,1,0.0775,0.000202,0.064,0.117,0.411,128.019,E-Rock
We Are The People,0.666,0.785,4,-5.37,0,0.0308,0.0981,0.0198,0.434,0.549,122.973,E-Rock
Up In The Air,0.4,0.874,7,-5.395,1,0.0344,0.0013,0.000117,0.138,0.428,80.989,E-Rock
Shot In The Dark,0.599,0.787,2,-4.708,1,0.0338,2.07E-05,5.27E-05,0.064,0.822,114.065,Classic Rock
Even Flow,0.394,0.944,10,-6.506,0,0.0761,0.00178,4.54E-06,0.298,0.265,105.338,Classic Rock
Should I Stay or Should I Go - Remastered,0.743,0.836,2,-6.465,1,0.116,0.0804,0,0.384,0.82,113.375,Classic Rock
I Love Rock 'N Roll,0.535,0.716,4,-5.025,1,0.0431,0.326,0,0.659,0.901,94.379,Classic Rock
Comfortably Numb 2022,0.356,0.209,9,-13.931,0,0.0344,0.515,0.743,0.118,0.0575,119.926,Classic Rock
This Is a Call,0.261,0.964,9,-6.654,1,0.0638,0.00141,2.87E-05,0.183,0.326,162.902,Classic Rock
Dancing In the Dark,0.527,0.942,1,-5.64,0,0.0366,0.0115,0,0.188,0.495,148.723,Classic Rock
Sex on Fire,0.544,0.903,9,-5.651,1,0.0545,0.00166,0.00632,0.1,0.432,153.629,Classic Rock
It Never Rains in Southern California,0.626,0.565,9,-10.027,1,0.0271,0.124,0,0.0811,0.924,116.61,Classic Rock
Everlong,0.413,0.881,11,-5.541,0,0.0367,5.99E-05,0.000308,0.0805,0.364,158.066,Classic Rock
Seven Nation Army,0.729,0.466,0,-7.832,1,0.0843,0.00721,0.366,0.252,0.295,123.858,Classic Rock
Cry Baby,0.474,0.418,0,-9.654,1,0.0299,0.514,0.000343,0.0535,0.504,83.308,Classic Rock
Thunderstruck,0.502,0.89,4,-5.175,1,0.0364,0.000147,0.0117,0.217,0.259,133.52,Classic Rock
Hey Hey Rise Up (feat. Andriy Khlyvnyuk of Boombox),0.517,0.463,1,-9.664,0,0.0354,0.0116,9.65E-05,0.0742,0.49,114.891,Classic Rock
Killing In The Name,0.466,0.833,7,-4.215,1,0.304,0.0266,0,0.0327,0.661,88.785,Classic Rock
Don't Stop Believin',0.491,0.802,4,-7.106,1,0.0392,0.25,0,0.387,0.472,119.25,Classic Rock
Running Up That Hill (A Deal With God),0.629,0.547,10,-13.123,0,0.055,0.72,0.00314,0.0604,0.197,108.375,Classic Rock
Showdown,0.717,0.583,0,-8.936,0,0.0329,0.595,0.000143,0.139,0.962,113.261,Classic Rock
Ghosts,0.532,0.736,11,-6.901,1,0.0383,0.000146,0.000961,0.292,0.656,125.105,Classic Rock
Over the Mountain,0.493,0.866,0,-5.665,1,0.0976,0.00178,2.23E-05,0.0775,0.489,131.06,Classic Rock
Time for Me to Fly,0.463,0.629,2,-7.075,1,0.0269,0.0524,0,0.176,0.459,81.797,Classic Rock
Times Like These,0.36,0.905,4,-3.808,0,0.0812,1.37E-05,7.51E-06,0.0753,0.309,144.544,Classic Rock
Rich Girl,0.573,0.683,5,-6.644,1,0.176,0.461,0,0.0935,0.817,169.519,Classic Rock
Ordinary Man (feat. Elton John),0.428,0.599,4,-2.135,1,0.0286,0.0665,9.86E-06,0.137,0.134,125.83,Classic Rock
"Yes, I Have Ghosts",0.566,0.252,1,-15.084,1,0.0328,0.865,3.22E-05,0.109,0.257,126.109,Classic Rock
All Along the Watchtower,0.429,0.812,8,-6.252,1,0.0657,0.00282,2.44E-05,0.0882,0.625,113.279,Classic Rock
Dream On,0.412,0.528,1,-6.613,1,0.0259,0.298,5.03E-05,0.332,0.175,79.962,Classic Rock
Learn to Fly,0.465,0.919,4,-4.025,1,0.0408,1.83E-05,2.07E-05,0.262,0.537,135.997,Classic Rock
Carry On Wayward Son - Single Version,0.406,0.683,0,-6.593,1,0.0327,0.00199,1.29E-05,0.383,0.821,126.737,Classic Rock
You've Got Another Thing Coming,0.519,0.833,6,-6.947,0,0.0496,0.00572,4.33E-06,0.104,0.532,138.225,Classic Rock
All Out of Love,0.513,0.262,0,-16.875,1,0.0276,0.313,5.51E-06,0.456,0.357,108.383,Classic Rock
Hold the Line,0.478,0.876,6,-5.669,0,0.0568,0.00812,0.064,0.167,0.78,145.225,Classic Rock
It's Still Rock and Roll to Me,0.752,0.684,0,-7.599,1,0.15,0.0994,0,0.0897,0.539,141.075,Classic Rock
Africa,0.682,0.584,9,-9.507,1,0.031,0.182,0.000107,0.0468,0.709,92.793,Classic Rock
Present Tense,0.403,0.272,2,-13.492,1,0.0325,0.403,0.17,0.0806,0.105,130.872,Classic Rock
Enter Sandman,0.579,0.824,6,-8.71,0,0.03,0.00206,0.00903,0.059,0.635,123.331,Classic Rock
Don't Bring Me Down,0.638,0.867,2,-6.469,1,0.0331,0.144,0.000733,0.0846,0.805,115.692,Classic Rock
American Girl,0.557,0.733,2,-8.106,1,0.0325,0.457,9.04E-05,0.347,0.824,114.382,Classic Rock
Bulls On Parade,0.412,0.919,5,-7.291,1,0.184,0.0124,0.0601,0.424,0.572,166.367,Classic Rock
You Shook Me All Night Long,0.532,0.767,7,-5.509,1,0.0574,0.00287,0.000513,0.39,0.755,127.361,Classic Rock
More Than a Feeling,0.377,0.681,7,-8.039,1,0.0298,0.00088,0.0023,0.0504,0.285,108.789,Classic Rock
(Don't Fear) The Reaper,0.368,0.928,9,-8.369,0,0.0593,0.00125,0.00111,0.301,0.532,141.175,Classic Rock
Ball and Biscuit,0.52,0.662,9,-7.161,1,0.184,0.0674,0.0955,0.113,0.588,77.739,Classic Rock
Free Ride,0.688,0.739,9,-9.526,1,0.0744,0.321,0.011,0.174,0.77,124.065,Classic Rock
Surrender,0.524,0.953,0,-7.097,1,0.0416,0.00757,5.02E-06,0.771,0.869,133.828,Classic Rock
Rebel Rebel - Remastered,0.626,0.889,6,-9.456,0,0.053,0.0178,0,0.191,0.499,126.074,Classic Rock
Cover Me,0.517,0.776,9,-11.476,0,0.052,0.0198,0.00066,0.0851,0.82,120.571,Classic Rock
In Bloom,0.436,0.876,10,-4.902,0,0.0647,3.33E-05,0.000104,0.205,0.512,157.044,Classic Rock
Working for the Weekend,0.526,0.924,7,-5.591,1,0.0391,0.027,0.000728,0.598,0.793,147.28,Classic Rock
What I Like About You,0.542,0.915,9,-9.637,1,0.0549,0.319,5.34E-05,0.171,0.92,159.81,Classic Rock
Two Tickets To Paradise,0.61,0.838,2,-8.616,1,0.0301,0.102,6.14E-05,0.111,0.693,129.583,Classic Rock
Evil Ways,0.704,0.528,5,-13.382,1,0.0358,0.22,0.35,0.14,0.73,117.472,Classic Rock
Pride and Joy,0.426,0.693,8,-9.759,1,0.0377,0.0251,0.0065,0.101,0.751,126.804,Classic Rock
Sweet Emotion,0.38,0.76,9,-10.961,1,0.0378,0.00298,0.0294,0.104,0.491,99.437,Classic Rock
Back In Black,0.31,0.7,9,-5.678,1,0.047,0.011,0.00965,0.0828,0.763,188.386,Classic Rock
Dust in the Wind,0.475,0.322,7,-10.687,1,0.0283,0.367,0.00056,0.11,0.387,93.503,Classic Rock
Only the Good Die Young,0.579,0.872,0,-6.126,1,0.159,0.159,0,0.0935,0.761,76.214,Classic Rock
Mr. Blue Sky,0.388,0.338,10,-10.054,1,0.0329,0.652,3.73E-06,0.248,0.478,177.765,Classic Rock
Keep on Loving You,0.316,0.739,0,-5.843,1,0.0338,0.036,0,0.187,0.371,174.903,Classic Rock
Alive,0.284,0.875,11,-6.069,0,0.0422,0.00752,0.000461,0.402,0.595,75.009,Classic Rock
Me and Bobby McGee,0.43,0.463,2,-10.96,1,0.0442,0.303,5.84E-05,0.152,0.66,93.405,Classic Rock
Whole Lotta Love - 1990 Remaster,0.412,0.902,9,-11.6,1,0.405,0.0484,0.131,0.405,0.422,89.74,Classic Rock
Barracuda,0.548,0.691,4,-13.553,0,0.0369,0.015,0.106,0.144,0.667,137.145,Classic Rock
Use Somebody,0.265,0.758,0,-5.383,1,0.0464,0.00297,0.000232,0.154,0.169,137.079,Classic Rock
Hells Bells,0.389,0.873,4,-4.768,0,0.0475,0.00532,0.0055,0.273,0.303,106.767,Classic Rock
Crazy Train,0.453,0.905,9,-4.001,1,0.115,0.36,0.000569,0.26,0.474,137.571,Classic Rock
London Calling - Remastered,0.651,0.801,0,-7.34,1,0.0514,0.123,0,0.0825,0.776,133.769,Classic Rock
Purple Haze,0.533,0.905,2,-5.27,1,0.0754,0.00876,0.578,0.0698,0.486,108.9,Classic Rock
Walk This Way,0.653,0.73,5,-10.613,1,0.043,0.0114,1.03E-05,0.0754,0.894,108.705,Classic Rock
Walk On the Wild Side,0.575,0.318,0,-16.729,1,0.109,0.683,0.000202,0.0934,0.385,104.522,Classic Rock
Take Me Home Tonight,0.608,0.768,1,-9.911,1,0.0364,0.101,1.41E-06,0.0942,0.748,132.699,Classic Rock
Cum on Feel the Noize,0.441,0.908,11,-4.627,0,0.115,0.000183,0.00328,0.0612,0.632,145.439,Classic Rock
Smokin',0.197,0.796,2,-7.335,1,0.0645,0.000541,0.417,0.187,0.522,175.02,Classic Rock
"I Want You to Want Me - Live at Nippon Budokan, Tokyo, JPN - April 1978",0.338,0.887,2,-8.873,1,0.0438,0.00962,0.011,0.556,0.399,206.255,Classic Rock
You Make My Dreams (Come True),0.751,0.501,5,-12.151,1,0.0551,0.234,0.112,0.0467,0.902,167.057,Classic Rock
Bohemian Rhapsody - 2011 Remaster,0.392,0.398,0,-9.973,0,0.0515,0.256,0,0.195,0.236,143.587,Classic Rock
All the Young Dudes,0.429,0.668,4,-7.539,0,0.044,0.208,0,0.538,0.398,77.737,Classic Rock
"Lola - Live at Providence Civic Center, Providence, RI - September 1979",0.488,0.777,9,-12.658,1,0.0894,0.153,0.0312,0.825,0.481,81.437,Classic Rock
Life in the Fast Lane - 2013 Remaster,0.667,0.755,9,-7.246,1,0.069,0.0966,6.94E-05,0.0523,0.883,109.535,Classic Rock
Beds Are Burning - Remastered,0.753,0.427,0,-11.112,1,0.0387,0.00787,0.00065,0.058,0.295,119.18,Classic Rock
Any Way You Want It,0.529,0.932,7,-7.501,1,0.0488,0.00251,0.00109,0.136,0.571,138.158,Classic Rock
Train in Vain (Stand by Me) - Remastered,0.762,0.722,2,-8.712,1,0.0428,0.0922,0.000368,0.132,0.966,122.769,Classic Rock
Piano Man,0.331,0.55,0,-6.483,1,0.0272,0.605,3.96E-06,0.192,0.429,177.734,Classic Rock
Black Magic Woman,0.497,0.552,9,-7.102,0,0.0307,0.679,0.0314,0.089,0.633,124.359,Classic Rock
Livin' Thing,0.549,0.651,0,-7.097,1,0.0323,0.583,0,0.121,0.368,122.818,Classic Rock
Your Love,0.579,0.654,1,-12.421,0,0.0553,0.121,3.62E-06,0.0673,0.616,129.537,Classic Rock
Lido Shuffle,0.59,0.785,10,-4.728,1,0.0341,0.0172,0.000215,0.114,0.674,141.18,Classic Rock
"Danger Zone - From ""Top Gun"" Original Soundtrack",0.544,0.897,3,-6.056,0,0.0471,0.241,0,0.13,0.647,157.17,Classic Rock
The Final Countdown,0.529,0.843,6,-6.908,0,0.0616,0.0628,0.000827,0.0608,0.188,117.662,Classic Rock
She Bangs the Drums - Remastered,0.339,0.976,9,-4.782,1,0.0909,0.00649,0.00672,0.123,0.672,144.723,Classic Rock
Where The Streets Have No Name - Single Edit,0.504,0.857,2,-6.014,1,0.0379,0.0119,0.00653,0.13,0.354,125.636,Classic Rock
Hold Your Head Up,0.502,0.488,7,-12.265,1,0.0261,0.3,0.128,0.319,0.74,89.279,Classic Rock
Go Your Own Way - 2004 Remaster,0.586,0.941,5,-5.139,1,0.0375,0.0167,0.000776,0.068,0.831,135.448,Classic Rock
Heroes - Single Version [Remastered],0.502,0.681,7,-8.263,1,0.0276,0.016,0.107,0.102,0.584,112.16,Classic Rock
Turn Up the Radio,0.619,0.948,2,-6.642,1,0.0659,0.0813,2.75E-05,0.369,0.373,110.107,Classic Rock
Bum to Bum,0.394,0.933,0,-4.061,1,0.0747,0.000144,0.0806,0.33,0.544,179.989,Classic Rock
Tom Sawyer,0.535,0.863,9,-7.937,1,0.0369,0.00126,0.0175,0.191,0.578,87.599,Classic Rock
Like a Stone,0.614,0.568,7,-5.477,0,0.0276,0.00797,0,0.0997,0.516,107.849,Classic Rock
Foxey Lady,0.507,0.851,4,-5.995,1,0.0386,0.0612,0.157,0.371,0.587,98.061,Classic Rock
Eye of the Tiger,0.815,0.438,0,-14.522,0,0.0346,0.216,0.000466,0.0787,0.552,108.965,Classic Rock
Piece of My Heart,0.443,0.727,4,-7.951,1,0.145,0.263,0.000141,0.169,0.566,160.82,Classic Rock
Sweet Home Alabama,0.58,0.634,7,-11.058,1,0.0252,0.145,0.000984,0.329,0.935,97.919,Classic Rock
Burnin' for You,0.532,0.728,9,-9.079,0,0.0352,0.106,0.0108,0.0849,0.69,134.303,Classic Rock
Jessie's Girl,0.727,0.834,2,-5.851,1,0.0496,0.165,0,0.105,0.816,131.7,Classic Rock
"Rock and Roll, Hoochie Koo",0.435,0.882,9,-8.996,0,0.0908,0.15,0.00837,0.0992,0.56,199.263,Classic Rock
Mississippi Queen,0.581,0.624,9,-8.346,1,0.0777,0.0987,0,0.0411,0.637,139.714,Classic Rock
Fortunate Son,0.634,0.762,0,-3.917,1,0.0393,0.0562,0.244,0.192,0.427,132.539,Classic Rock
Cat Scratch Fever,0.549,0.916,4,-4.185,0,0.034,0.0049,0.123,0.104,0.632,127.131,Classic Rock
Knockin' On Heaven's Door,0.513,0.396,7,-13.061,1,0.0299,0.251,0.177,0.11,0.229,140.208,Classic Rock
Honky Tonk Women,0.558,0.683,7,-9.868,1,0.0585,0.353,0.0171,0.111,0.966,120.169,Classic Rock
"American Woman - 7"" Single Version",0.538,0.841,9,-7.547,1,0.0375,0.0424,0.00178,0.312,0.881,93.077,Classic Rock
Innocence,0.681,0.752,2,-10.28,1,0.028,0.016,2.14E-05,0.222,0.891,125.495,Classic Rock
Starman - Single Mix,0.307,0.429,5,-11.054,1,0.0333,0.211,0,0.391,0.582,199.787,Classic Rock
Wish You Were Here,0.481,0.262,7,-15.73,1,0.0414,0.735,0.0114,0.832,0.375,122.861,Classic Rock
Separate Ways (Worlds Apart),0.451,0.962,0,-3.947,1,0.0734,0.0188,3.17E-06,0.277,0.377,131.435,Classic Rock
The Boys Are Back In Town,0.445,0.706,8,-9.803,1,0.0461,0.234,0.000252,0.205,0.768,80.823,Classic Rock
Shine On Me,0.404,0.492,8,-9.669,0,0.0284,0.0295,0.311,0.129,0.23,129.969,Classic Rock
Rock You Like a Hurricane - 2011,0.584,0.833,11,-5.824,1,0.0358,0.000265,0.00595,0.32,0.671,124.018,Classic Rock
Join Me - Razorblade Mix,0.637,0.673,8,-6.966,0,0.0297,0.0164,2.35E-05,0.115,0.588,113.795,Classic Rock
Doesn't Really Matter - Remastered,0.662,0.854,1,-2.934,0,0.0509,0.0416,0.000886,0.757,0.723,144.737,Classic Rock
Breaking the Law,0.362,0.959,2,-5.653,1,0.0882,0.0249,7.88E-06,0.0694,0.506,164.013,Classic Rock
The Joker,0.596,0.448,5,-9.616,1,0.0396,0.365,5.30E-06,0.206,0.796,83.293,Classic Rock
Kodachrome,0.592,0.705,1,-10.276,0,0.0287,0.0291,1.97E-05,0.0456,0.902,135.754,Classic Rock
Band On The Run - 2010 Remaster,0.479,0.601,7,-8.806,1,0.0318,0.0832,0.00142,0.11,0.669,124.966,Classic Rock
Old Time Rock & Roll,0.714,0.937,6,-2.947,1,0.0399,0.206,0,0.0731,0.964,124.13,Classic Rock
Turn! Turn! Turn! (To Everything There Is a Season),0.449,0.811,2,-8.17,1,0.0458,0.117,2.28E-05,0.0393,0.736,124.594,Classic Rock
Hard To Handle,0.605,0.796,4,-3.618,1,0.0421,0.00286,0.000541,0.279,0.961,103.671,Classic Rock
Because the Night,0.442,0.793,11,-5.378,0,0.0354,0.0557,0,0.0934,0.547,123.67,Classic Rock
Black Betty,0.465,0.907,11,-6.404,0,0.113,0.0241,0.00118,0.13,0.681,117.293,Classic Rock
Turn Me Loose,0.588,0.641,5,-12.205,1,0.0312,0.0841,0.000663,0.303,0.548,119.374,Classic Rock
Born to Run,0.27,0.944,4,-4.199,1,0.0975,0.00501,2.05E-05,0.116,0.606,146.347,Classic Rock
Oye Como Va,0.736,0.379,7,-13.208,1,0.0539,0.301,0.345,0.104,0.948,128.399,Classic Rock
Sharp Dressed Man - 2008 Remaster,0.601,0.859,5,-5.263,1,0.0276,0.000359,0.00124,0.0871,0.446,125.145,Classic Rock
Poison,0.28,0.908,2,-5.509,0,0.109,0.0327,8.85E-06,0.18,0.26,118.698,Classic Rock
Last Nite,0.624,0.899,0,-5.709,1,0.0296,0.0221,0.000137,0.0975,0.79,104.061,Classic Rock
Dead Leaves and the Dirty Ground,0.281,0.515,9,-7.406,0,0.0317,0.46,1.72E-06,0.0896,0.525,79.299,Classic Rock
Money,0.468,0.536,11,-10.422,0,0.144,0.024,0.00199,0.269,0.785,126.256,Classic Rock
Runnin' With The Devil,0.432,0.88,1,-5.769,0,0.0656,0.0206,0.000191,0.185,0.527,95.59,Classic Rock
I Wouldn't Want to Be Like You,0.69,0.647,5,-8.319,0,0.0484,0.507,9.50E-06,0.118,0.3,100.745,Classic Rock
Cherry Pie,0.472,0.946,2,-4.591,1,0.145,0.0372,0,0.352,0.486,177.489,Classic Rock
Mary Had a Little Lamb,0.678,0.493,8,-13.782,1,0.0302,0.0882,0.153,0.264,0.914,122.627,Classic Rock
Living After Midnight,0.61,0.824,4,-6.046,1,0.0534,0.0136,1.75E-06,0.0606,0.819,134.992,Classic Rock
Stairway to Heaven - 1990 Remaster,0.346,0.335,7,-12.453,1,0.0339,0.575,0.00674,0.185,0.213,84.204,Classic Rock
They Say I'm Different,0.537,0.791,6,-7.051,1,0.145,0.122,3.03E-05,0.205,0.889,142.354,Funk Rock
Tobacco Road,0.754,0.771,9,-7.452,0,0.291,0.336,0.00028,0.1,0.811,88.105,Funk Rock
Always On The Run,0.512,0.946,9,-3.756,1,0.148,0.0119,0.0191,0.0646,0.85,169.222,Funk Rock
Summer Romance (Anti-Gravity Love Song),0.667,0.721,7,-7.17,1,0.0329,0.00915,0.0137,0.105,0.567,110.094,Funk Rock
Suck My Kiss,0.623,0.936,0,-9.955,1,0.0528,0.000617,9.86E-05,0.269,0.705,101.514,Funk Rock
Who Knows - Live At The Fillmore East,0.571,0.631,11,-10.352,1,0.0399,0.0147,0.751,0.204,0.713,84.71,Funk Rock
Bombtrack,0.478,0.855,4,-7.438,0,0.121,0.0134,3.18E-05,0.179,0.668,151.93,Funk Rock
Violent & Funky,0.477,0.899,2,-6.06,1,0.122,0.000241,0.000147,0.0598,0.555,104.821,Funk Rock
Cannibals,0.626,0.827,2,-5.144,1,0.0387,0.00158,2.90E-06,0.0475,0.84,139.997,Funk Rock
Soap On A Rope,0.394,0.912,2,-4.277,1,0.0978,0.000878,0.000647,0.128,0.418,88.375,Funk Rock
Renegades Of Funk,0.651,0.908,2,-4.019,1,0.0577,0.00184,0.000579,0.384,0.769,123.851,Funk Rock
My Name Is Mud,0.703,0.918,11,-3.476,0,0.0743,0.00856,0.176,0.117,0.455,98.388,Funk Rock
Tones Of Home,0.556,0.808,0,-6.965,1,0.0335,0.166,0.000167,0.164,0.844,115.287,Funk Rock
Midlife Crisis,0.669,0.656,9,-10.549,1,0.0413,0.00113,0.000252,0.0989,0.464,108.098,Funk Rock
Roller - Remastered,0.451,0.973,9,-3.615,1,0.1,0.0019,0.122,0.0893,0.652,140.642,Funk Rock
Oh Well,0.589,0.912,9,-7.123,1,0.0781,0.232,0.0497,0.0739,0.667,93.207,Funk Rock
Stink,0.582,0.941,11,-5.177,0,0.0796,0.000282,2.38E-06,0.202,0.842,125.001,Funk Rock
"Greenwood, Mississippi",0.727,0.611,7,-14.611,0,0.0372,0.125,2.98E-05,0.0541,0.951,127.357,Funk Rock
Hot Wheels,0.532,0.906,9,-5.382,1,0.039,0.000686,0.876,0.381,0.26,96.681,Funk Rock
Bad Reputation,0.396,0.8,1,-12.787,1,0.0534,0.0044,0.231,0.241,0.825,124.408,Funk Rock
Black Betty - Edit,0.562,0.865,7,-6.476,0,0.0922,2.06E-05,0.591,0.219,0.35,124.047,Funk Rock
The Bottle,0.381,0.539,7,-6.761,1,0.0375,2.50E-05,0.723,0.125,0.499,127.424,Funk Rock
Broke Down,0.386,0.875,0,-6.823,1,0.101,0.00445,0.00175,0.24,0.792,75.896,Funk Rock
"Oh Well (Pt. 1) - Live 1979, St. Louis, MO",0.325,0.552,9,-15.711,1,0.0657,0.429,0.0207,0.758,0.343,99.806,Funk Rock
The Partys Over,0.664,0.955,9,-5.818,1,0.064,0.00653,0.0261,0.0986,0.547,136.039,Funk Rock
Rollin' (Air Raid Vehicle),0.604,0.931,9,-3.326,1,0.175,0.00516,0,0.271,0.682,96.249,Funk Rock
Stranglehold,0.491,0.738,2,-7.04,1,0.0335,0.0152,0.168,0.2,0.51,148.003,Funk Rock
Goin' Out West,0.722,0.54,8,-13.929,1,0.0951,0.772,0.313,0.142,0.586,129.139,Funk Rock
Bad Penny,0.22,0.747,0,-7.311,1,0.0641,0.000904,0.000522,0.0467,0.692,198.376,Funk Rock
Boogie - Remastered,0.343,0.806,5,-6.101,1,0.0597,0.000192,0.216,0.165,0.492,145.382,Funk Rock
Rock Bottom - 2007 Remaster,0.256,0.863,5,-6.582,1,0.106,3.48E-05,0.00405,0.364,0.521,158.947,Funk Rock
Silver Bird - Remastered,0.363,0.778,9,-8.785,0,0.069,0.0122,0.543,0.167,0.521,153.233,Funk Rock
Inside Looking Out - Remastered,0.435,0.797,0,-7.741,1,0.0563,0.0298,0.0346,0.043,0.711,98.83,Funk Rock
Bulls On Parade,0.412,0.919,5,-7.291,1,0.184,0.0124,0.0601,0.424,0.572,166.367,Funk Rock
Sad But True,0.633,0.846,7,-6.347,1,0.0337,0.000819,0.00139,0.0762,0.448,89.23,Funk Rock
Thunder Kiss '65,0.684,0.859,9,-9.772,1,0.0401,0.000587,0.00285,0.467,0.517,112.663,Funk Rock
Aqualung,0.477,0.479,7,-11.887,0,0.0483,0.0649,0.029,0.0906,0.662,122.531,Funk Rock
Let's Work Together,0.748,0.708,0,-11.937,1,0.0383,0.134,0,0.0647,0.864,118.934,Funk Rock
Voodoo Child (Slight Return),0.356,0.905,8,-6.652,1,0.309,0.502,0.0137,0.0561,0.438,87.57,Funk Rock
Fortunate Son,0.643,0.669,0,-7.485,1,0.0398,0.208,0.00664,0.151,0.609,132.709,Funk Rock
"Crossroads - Live At Winterland, San Francisco / 1968",0.393,0.697,7,-12.808,1,0.0558,0.389,0.0195,0.865,0.851,131.625,Funk Rock
Paranoid,0.429,0.631,4,-11.514,0,0.0769,7.85E-05,0.00411,0.175,0.376,162.734,Funk Rock
The Beautiful People,0.621,0.834,10,-10.068,0,0.0557,0.000779,0.456,0.0611,0.937,143.973,Funk Rock
The Trooper - 1998 Remastered Version,0.286,0.856,4,-6.777,0,0.0585,0.0238,0.0542,0.487,0.696,162.12,Funk Rock
More Human Than Human,0.674,0.907,1,-6.706,1,0.0714,0.000386,0.608,0.104,0.576,101.449,Funk Rock
Gimme Shelter,0.634,0.63,1,-8.277,0,0.031,0.447,0.039,0.17,0.489,118.628,Funk Rock
La Grange - 2005 Remaster,0.545,0.64,4,-9.937,0,0.224,0.00249,0.0304,0.196,0.606,80.544,Funk Rock
Woman To Woman,0.714,0.331,1,-14.443,1,0.0983,0.186,0.0889,0.0725,0.747,180.647,Funk Rock
Going Down - Remastered,0.555,0.669,9,-7.46,0,0.0311,0.0459,0.000521,0.105,0.691,167.652,Funk Rock
I'm Going Home - Live at Woodstock,0.383,0.9,2,-9.782,1,0.223,0.31,0.00357,0.945,0.385,119.232,Funk Rock
All Along the Watchtower,0.438,0.805,8,-6.237,1,0.0624,0.00255,5.69E-05,0.0842,0.564,113.253,Funk Rock
Good Morning Little Schoolgirl - Live,0.384,0.603,11,-12.202,0,0.0306,0.0306,0.477,0.941,0.776,139.248,Funk Rock
Rude Mood,0.478,0.961,10,-12.465,0,0.0506,0.114,0.859,0.161,0.768,131.096,Funk Rock
Freedom,0.518,0.9,5,-5.249,0,0.0481,0.0208,0.00454,0.136,0.707,112.217,Funk Rock
Rock Me Baby,0.286,0.83,4,-6.801,0,0.106,0.557,0.0433,0.133,0.686,190.288,Funk Rock
I'm Not Awake Yet,0.473,0.627,7,-11.541,0,0.0414,0.167,0.022,0.108,0.713,102.301,Funk Rock
The Wizard,0.523,0.706,2,-11.521,1,0.0935,0.0307,0.000274,0.337,0.407,99.684,Funk Rock
Do You Read Me,0.721,0.531,0,-10.809,1,0.0348,0.138,0.059,0.209,0.967,98.625,Funk Rock
Highway Tune,0.581,0.957,4,-2.989,1,0.0549,0.0114,0.157,0.271,0.517,123.972,Funk Rock
Safari Song,0.376,0.925,2,-3.986,1,0.049,0.181,5.25E-06,0.3,0.702,175.903,Funk Rock
Perfect Strangers,0.521,0.721,2,-7.699,1,0.0254,0.00348,0.0113,0.391,0.611,97.578,Funk Rock
The Pusher,0.467,0.381,0,-13.808,1,0.0264,0.235,0.123,0.187,0.697,81.754,Funk Rock
Space Truckin' - Remastered 2012,0.62,0.878,9,-9.064,1,0.0443,0.0264,0.776,0.235,0.708,129.236,Funk Rock
Silent Killer,0.591,0.867,2,-3.427,1,0.0482,0.000576,6.50E-06,0.332,0.472,105.941,Funk Rock
Cry For The Bad Man,0.62,0.688,7,-9.09,1,0.0539,0.044,0.0097,0.112,0.832,122.986,Funk Rock
Saturday Night Special,0.563,0.561,9,-11.259,1,0.0537,0.0151,0.000203,0.13,0.599,121.174,Funk Rock
Highway Tune,0.582,0.962,4,-3.037,1,0.0542,0.0096,0.128,0.283,0.506,123.971,Funk Rock
Hell Hooks,0.644,0.669,2,-12.861,1,0.0458,0.0124,0.000308,0.269,0.424,101.936,Funk Rock
Thick N' Thin,0.567,0.953,0,-4.942,1,0.0615,0.000291,0.00153,0.351,0.764,98.355,Funk Rock
Hard To Handle,0.591,0.79,4,-3.597,1,0.0432,0.00224,0.000886,0.292,0.961,104.171,Funk Rock
Cat Scratch Fever,0.549,0.916,4,-4.185,0,0.034,0.0049,0.123,0.104,0.632,127.131,Funk Rock
A Million Miles Away,0.498,0.654,2,-10.398,0,0.0381,0.00829,0.00595,0.417,0.608,135.805,Funk Rock
Hoochie Coochie Man,0.24,0.557,2,-12.906,1,0.0532,0.0986,0.15,0.153,0.533,172.573,Funk Rock
Fairies Wear Boots,0.497,0.625,5,-11.38,1,0.0376,0.00114,0.0421,0.253,0.727,136.126,Funk Rock
Fred Bear - The Original,0.41,0.931,9,-3.889,0,0.0933,0.15,0.00254,0.0327,0.4,158.17,Funk Rock
Just Got Paid,0.466,0.871,9,-5.882,1,0.122,0.372,0.329,0.262,0.357,96.502,Funk Rock
Freelance Fiend,0.288,0.569,2,-9.839,1,0.0731,5.66E-05,0.138,0.186,0.608,164.585,Funk Rock
Freelance Fiend - Digitally Remastered Version,0.257,0.818,2,-4.904,1,0.0909,0.00531,0.000242,0.33,0.741,165.154,Funk Rock
250 Miles,0.467,0.422,9,-11.077,0,0.0703,0.238,0.169,0.096,0.588,76.818,Funk Rock
Plastic Hamburgers,0.634,0.779,9,-6.607,1,0.0361,0.0255,0.00103,0.342,0.562,82.003,Funk Rock
Messin' With The Kid - Live From Cork City Hall,0.336,0.814,9,-9.352,1,0.103,0.00592,0.0924,0.73,0.74,161.821,Funk Rock
Wicked As It Seems,0.689,0.62,7,-10.601,1,0.0337,0.286,1.70E-06,0.0368,0.962,110.859,Funk Rock
Satisfaction,0.573,0.855,4,-5.316,0,0.0296,0.000657,0.000232,0.101,0.2,100.174,Funk Rock
Maggot Brain,0.301,0.353,4,-15.588,0,0.0467,0.778,0.489,0.406,0.189,134.588,Funk Rock
Radar Love,0.504,0.719,1,-9.155,0,0.0431,0.00878,0.00149,0.075,0.177,102.144,Funk Rock
Clawstrophobia,0.269,0.534,6,-12.043,0,0.0424,0.244,0.131,0.323,0.423,81.421,Funk Rock
Long Cool Woman (In a Black Dress) - 1999 Remaster,0.757,0.868,9,-9.326,1,0.062,0.411,0.00221,0.355,0.815,138.923,Funk Rock
The Ballroom Blitz,0.626,0.775,11,-10.343,0,0.0653,0.00222,0.00053,0.0448,0.847,108.74,Funk Rock
Black Magic Woman,0.552,0.443,9,-9.113,0,0.0453,0.0563,0.000173,0.0864,0.543,129.888,Funk Rock
I Came 2 Rock and Roll,0.645,0.694,4,-7.359,0,0.0382,0.0231,0.00236,0.164,0.549,134.083,Funk Rock
Yuve Yuve Yu,0.624,0.857,10,-6.25,0,0.0542,0.0208,0.206,0.11,0.324,131.926,Funk Rock
Psychotic Reaction - Rarities Version,0.355,0.761,11,-6.309,1,0.0978,0.000288,0.0141,0.189,0.685,165.209,Funk Rock
If 6 Was 9,0.39,0.648,8,-9.789,1,0.137,0.00428,0.0531,0.689,0.493,103.496,Funk Rock
Yuve Yuve Yu (feat. From Ashes to New),0.552,0.971,10,-4.756,0,0.0646,0.0101,0.00563,0.164,0.523,132.009,Funk Rock
Zero Funks Given,0.8,0.654,5,-7.783,0,0.0725,0.0431,0.139,0.0766,0.798,89.998,Funk Rock
Suffocation Blues,0.282,0.843,11,-6.002,0,0.114,0.000839,3.02E-05,0.0699,0.418,175.798,Funk Rock
Shoog Shoog,0.71,0.619,1,-8.833,1,0.034,0.0125,0.685,0.642,0.763,125.006,Funk Rock
American Woman,0.55,0.726,2,-8.51,1,0.0516,0.146,0.00608,0.428,0.37,92.697,Funk Rock
Baba O'Riley,0.489,0.724,5,-8.367,1,0.0352,0.313,0.185,0.287,0.15,117.292,Funk Rock
Can't You Hear Me Knocking - 2009 Mix,0.545,0.757,0,-5.228,1,0.0396,0.408,0.045,0.16,0.714,152.217,Funk Rock
In Zaire,0.616,0.526,7,-17.446,1,0.0466,0.0034,0.0685,0.13,0.484,102.883,Funk Rock
Du hast,0.64,0.922,9,-6.283,0,0.0385,0.00369,0.055,0.332,0.716,125.105,Funk Rock
Radar Gun,0.702,0.634,11,-10.113,1,0.0726,0.381,0.016,0.31,0.636,156.631,Funk Rock
Peace Sells - 2004 Remaster,0.303,0.922,11,-4.376,0,0.138,0.000676,0.26,0.561,0.695,138.393,Funk Rock
The Millionaire,0.612,0.583,3,-12.303,1,0.205,0.358,0,0.189,0.599,88.87,Funk Rock
Misirlou,0.293,0.932,4,-6.839,1,0.051,0.0136,0.906,0.289,0.657,173.262,Funk Rock
Wolf Totem,0.557,0.718,8,-8.504,1,0.0415,0.0888,0.0511,0.661,0.49,172.039,Funk Rock
(If You Want the Smoke) Be the Fire,0.38,0.691,1,-7.79,0,0.0335,0.00156,0.000889,0.104,0.514,83.772,Funk Rock
Strange Colour Blue,0.584,0.512,9,-7.993,0,0.0353,0.537,0.0293,0.112,0.217,127.81,Funk Rock
They Say I'm Different,0.537,0.791,6,-7.051,1,0.145,0.122,3.03E-05,0.205,0.889,142.354,Metal
Tobacco Road,0.754,0.771,9,-7.452,0,0.291,0.336,0.00028,0.1,0.811,88.105,Metal
Always On The Run,0.512,0.946,9,-3.756,1,0.148,0.0119,0.0191,0.0646,0.85,169.222,Metal
Summer Romance (Anti-Gravity Love Song),0.667,0.721,7,-7.17,1,0.0329,0.00915,0.0137,0.105,0.567,110.094,Metal
Suck My Kiss,0.623,0.936,0,-9.955,1,0.0528,0.000617,9.86E-05,0.269,0.705,101.514,Metal
Who Knows - Live At The Fillmore East,0.571,0.631,11,-10.352,1,0.0399,0.0147,0.751,0.204,0.713,84.71,Metal
Bombtrack,0.478,0.855,4,-7.438,0,0.121,0.0134,3.18E-05,0.179,0.668,151.93,Metal
Violent & Funky,0.477,0.899,2,-6.06,1,0.122,0.000241,0.000147,0.0598,0.555,104.821,Metal
Cannibals,0.626,0.827,2,-5.144,1,0.0387,0.00158,2.90E-06,0.0475,0.84,139.997,Metal
Soap On A Rope,0.394,0.912,2,-4.277,1,0.0978,0.000878,0.000647,0.128,0.418,88.375,Metal
Renegades Of Funk,0.651,0.908,2,-4.019,1,0.0577,0.00184,0.000579,0.384,0.769,123.851,Metal
My Name Is Mud,0.703,0.918,11,-3.476,0,0.0743,0.00856,0.176,0.117,0.455,98.388,Metal
Tones Of Home,0.556,0.808,0,-6.965,1,0.0335,0.166,0.000167,0.164,0.844,115.287,Metal
Midlife Crisis,0.669,0.656,9,-10.549,1,0.0413,0.00113,0.000252,0.0989,0.464,108.098,Metal
Roller - Remastered,0.451,0.973,9,-3.615,1,0.1,0.0019,0.122,0.0893,0.652,140.642,Metal
Oh Well,0.589,0.912,9,-7.123,1,0.0781,0.232,0.0497,0.0739,0.667,93.207,Metal
Stink,0.582,0.941,11,-5.177,0,0.0796,0.000282,2.38E-06,0.202,0.842,125.001,Metal
"Greenwood, Mississippi",0.727,0.611,7,-14.611,0,0.0372,0.125,2.98E-05,0.0541,0.951,127.357,Metal
Hot Wheels,0.532,0.906,9,-5.382,1,0.039,0.000686,0.876,0.381,0.26,96.681,Metal
Bad Reputation,0.396,0.8,1,-12.787,1,0.0534,0.0044,0.231,0.241,0.825,124.408,Metal
Black Betty - Edit,0.562,0.865,7,-6.476,0,0.0922,2.06E-05,0.591,0.219,0.35,124.047,Metal
The Bottle,0.381,0.539,7,-6.761,1,0.0375,2.50E-05,0.723,0.125,0.499,127.424,Metal
Broke Down,0.386,0.875,0,-6.823,1,0.101,0.00445,0.00175,0.24,0.792,75.896,Metal
"Oh Well (Pt. 1) - Live 1979, St. Louis, MO",0.325,0.552,9,-15.711,1,0.0657,0.429,0.0207,0.758,0.343,99.806,Metal
The Partys Over,0.664,0.955,9,-5.818,1,0.064,0.00653,0.0261,0.0986,0.547,136.039,Metal
Rollin' (Air Raid Vehicle),0.604,0.931,9,-3.326,1,0.175,0.00516,0,0.271,0.682,96.249,Metal
Stranglehold,0.491,0.738,2,-7.04,1,0.0335,0.0152,0.168,0.2,0.51,148.003,Metal
Goin' Out West,0.722,0.54,8,-13.929,1,0.0951,0.772,0.313,0.142,0.586,129.139,Metal
Bad Penny,0.22,0.747,0,-7.311,1,0.0641,0.000904,0.000522,0.0467,0.692,198.376,Metal
Boogie - Remastered,0.343,0.806,5,-6.101,1,0.0597,0.000192,0.216,0.165,0.492,145.382,Metal
Rock Bottom - 2007 Remaster,0.256,0.863,5,-6.582,1,0.106,3.48E-05,0.00405,0.364,0.521,158.947,Metal
Silver Bird - Remastered,0.363,0.778,9,-8.785,0,0.069,0.0122,0.543,0.167,0.521,153.233,Metal
Inside Looking Out - Remastered,0.435,0.797,0,-7.741,1,0.0563,0.0298,0.0346,0.043,0.711,98.83,Metal
Bulls On Parade,0.412,0.919,5,-7.291,1,0.184,0.0124,0.0601,0.424,0.572,166.367,Metal
Sad But True,0.633,0.846,7,-6.347,1,0.0337,0.000819,0.00139,0.0762,0.448,89.23,Metal
Thunder Kiss '65,0.684,0.859,9,-9.772,1,0.0401,0.000587,0.00285,0.467,0.517,112.663,Metal
Aqualung,0.477,0.479,7,-11.887,0,0.0483,0.0649,0.029,0.0906,0.662,122.531,Metal
Let's Work Together,0.748,0.708,0,-11.937,1,0.0383,0.134,0,0.0647,0.864,118.934,Metal
Voodoo Child (Slight Return),0.356,0.905,8,-6.652,1,0.309,0.502,0.0137,0.0561,0.438,87.57,Metal
Fortunate Son,0.643,0.669,0,-7.485,1,0.0398,0.208,0.00664,0.151,0.609,132.709,Metal
"Crossroads - Live At Winterland, San Francisco / 1968",0.393,0.697,7,-12.808,1,0.0558,0.389,0.0195,0.865,0.851,131.625,Metal
Paranoid,0.429,0.631,4,-11.514,0,0.0769,7.85E-05,0.00411,0.175,0.376,162.734,Metal
The Beautiful People,0.621,0.834,10,-10.068,0,0.0557,0.000779,0.456,0.0611,0.937,143.973,Metal
The Trooper - 1998 Remastered Version,0.286,0.856,4,-6.777,0,0.0585,0.0238,0.0542,0.487,0.696,162.12,Metal
More Human Than Human,0.674,0.907,1,-6.706,1,0.0714,0.000386,0.608,0.104,0.576,101.449,Metal
Gimme Shelter,0.634,0.63,1,-8.277,0,0.031,0.447,0.039,0.17,0.489,118.628,Metal
La Grange - 2005 Remaster,0.545,0.64,4,-9.937,0,0.224,0.00249,0.0304,0.196,0.606,80.544,Metal
Woman To Woman,0.714,0.331,1,-14.443,1,0.0983,0.186,0.0889,0.0725,0.747,180.647,Metal
Going Down - Remastered,0.555,0.669,9,-7.46,0,0.0311,0.0459,0.000521,0.105,0.691,167.652,Metal
I'm Going Home - Live at Woodstock,0.383,0.9,2,-9.782,1,0.223,0.31,0.00357,0.945,0.385,119.232,Metal
All Along the Watchtower,0.438,0.805,8,-6.237,1,0.0624,0.00255,5.69E-05,0.0842,0.564,113.253,Metal
Good Morning Little Schoolgirl - Live,0.384,0.603,11,-12.202,0,0.0306,0.0306,0.477,0.941,0.776,139.248,Metal
Rude Mood,0.478,0.961,10,-12.465,0,0.0506,0.114,0.859,0.161,0.768,131.096,Metal
Freedom,0.518,0.9,5,-5.249,0,0.0481,0.0208,0.00454,0.136,0.707,112.217,Metal
Rock Me Baby,0.286,0.83,4,-6.801,0,0.106,0.557,0.0433,0.133,0.686,190.288,Metal
I'm Not Awake Yet,0.473,0.627,7,-11.541,0,0.0414,0.167,0.022,0.108,0.713,102.301,Metal
The Wizard,0.523,0.706,2,-11.521,1,0.0935,0.0307,0.000274,0.337,0.407,99.684,Metal
Do You Read Me,0.721,0.531,0,-10.809,1,0.0348,0.138,0.059,0.209,0.967,98.625,Metal
Highway Tune,0.581,0.957,4,-2.989,1,0.0549,0.0114,0.157,0.271,0.517,123.972,Metal
Safari Song,0.376,0.925,2,-3.986,1,0.049,0.181,5.25E-06,0.3,0.702,175.903,Metal
Perfect Strangers,0.521,0.721,2,-7.699,1,0.0254,0.00348,0.0113,0.391,0.611,97.578,Metal
The Pusher,0.467,0.381,0,-13.808,1,0.0264,0.235,0.123,0.187,0.697,81.754,Metal
Space Truckin' - Remastered 2012,0.62,0.878,9,-9.064,1,0.0443,0.0264,0.776,0.235,0.708,129.236,Metal
Silent Killer,0.591,0.867,2,-3.427,1,0.0482,0.000576,6.50E-06,0.332,0.472,105.941,Metal
Cry For The Bad Man,0.62,0.688,7,-9.09,1,0.0539,0.044,0.0097,0.112,0.832,122.986,Metal
Saturday Night Special,0.563,0.561,9,-11.259,1,0.0537,0.0151,0.000203,0.13,0.599,121.174,Metal
Highway Tune,0.582,0.962,4,-3.037,1,0.0542,0.0096,0.128,0.283,0.506,123.971,Metal
Hell Hooks,0.644,0.669,2,-12.861,1,0.0458,0.0124,0.000308,0.269,0.424,101.936,Metal
Thick N' Thin,0.567,0.953,0,-4.942,1,0.0615,0.000291,0.00153,0.351,0.764,98.355,Metal
Hard To Handle,0.591,0.79,4,-3.597,1,0.0432,0.00224,0.000886,0.292,0.961,104.171,Metal
Cat Scratch Fever,0.549,0.916,4,-4.185,0,0.034,0.0049,0.123,0.104,0.632,127.131,Metal
A Million Miles Away,0.498,0.654,2,-10.398,0,0.0381,0.00829,0.00595,0.417,0.608,135.805,Metal
Hoochie Coochie Man,0.24,0.557,2,-12.906,1,0.0532,0.0986,0.15,0.153,0.533,172.573,Metal
Fairies Wear Boots,0.497,0.625,5,-11.38,1,0.0376,0.00114,0.0421,0.253,0.727,136.126,Metal
Fred Bear - The Original,0.41,0.931,9,-3.889,0,0.0933,0.15,0.00254,0.0327,0.4,158.17,Metal
Just Got Paid,0.466,0.871,9,-5.882,1,0.122,0.372,0.329,0.262,0.357,96.502,Metal
Freelance Fiend,0.288,0.569,2,-9.839,1,0.0731,5.66E-05,0.138,0.186,0.608,164.585,Metal
Freelance Fiend - Digitally Remastered Version,0.257,0.818,2,-4.904,1,0.0909,0.00531,0.000242,0.33,0.741,165.154,Metal
250 Miles,0.467,0.422,9,-11.077,0,0.0703,0.238,0.169,0.096,0.588,76.818,Metal
Plastic Hamburgers,0.634,0.779,9,-6.607,1,0.0361,0.0255,0.00103,0.342,0.562,82.003,Metal
Messin' With The Kid - Live From Cork City Hall,0.336,0.814,9,-9.352,1,0.103,0.00592,0.0924,0.73,0.74,161.821,Metal
Wicked As It Seems,0.689,0.62,7,-10.601,1,0.0337,0.286,1.70E-06,0.0368,0.962,110.859,Metal
Satisfaction,0.573,0.855,4,-5.316,0,0.0296,0.000657,0.000232,0.101,0.2,100.174,Metal
Maggot Brain,0.301,0.353,4,-15.588,0,0.0467,0.778,0.489,0.406,0.189,134.588,Metal
Radar Love,0.504,0.719,1,-9.155,0,0.0431,0.00878,0.00149,0.075,0.177,102.144,Metal
Clawstrophobia,0.269,0.534,6,-12.043,0,0.0424,0.244,0.131,0.323,0.423,81.421,Metal
Long Cool Woman (In a Black Dress) - 1999 Remaster,0.757,0.868,9,-9.326,1,0.062,0.411,0.00221,0.355,0.815,138.923,Metal
The Ballroom Blitz,0.626,0.775,11,-10.343,0,0.0653,0.00222,0.00053,0.0448,0.847,108.74,Metal
Black Magic Woman,0.552,0.443,9,-9.113,0,0.0453,0.0563,0.000173,0.0864,0.543,129.888,Metal
I Came 2 Rock and Roll,0.645,0.694,4,-7.359,0,0.0382,0.0231,0.00236,0.164,0.549,134.083,Metal
Yuve Yuve Yu,0.624,0.857,10,-6.25,0,0.0542,0.0208,0.206,0.11,0.324,131.926,Metal
Psychotic Reaction - Rarities Version,0.355,0.761,11,-6.309,1,0.0978,0.000288,0.0141,0.189,0.685,165.209,Metal
If 6 Was 9,0.39,0.648,8,-9.789,1,0.137,0.00428,0.0531,0.689,0.493,103.496,Metal
Yuve Yuve Yu (feat. From Ashes to New),0.552,0.971,10,-4.756,0,0.0646,0.0101,0.00563,0.164,0.523,132.009,Metal
Zero Funks Given,0.8,0.654,5,-7.783,0,0.0725,0.0431,0.139,0.0766,0.798,89.998,Metal
Suffocation Blues,0.282,0.843,11,-6.002,0,0.114,0.000839,3.02E-05,0.0699,0.418,175.798,Metal
Shoog Shoog,0.71,0.619,1,-8.833,1,0.034,0.0125,0.685,0.642,0.763,125.006,Metal
American Woman,0.55,0.726,2,-8.51,1,0.0516,0.146,0.00608,0.428,0.37,92.697,Metal
Baba O'Riley,0.489,0.724,5,-8.367,1,0.0352,0.313,0.185,0.287,0.15,117.292,Metal
Can't You Hear Me Knocking - 2009 Mix,0.545,0.757,0,-5.228,1,0.0396,0.408,0.045,0.16,0.714,152.217,Metal
In Zaire,0.616,0.526,7,-17.446,1,0.0466,0.0034,0.0685,0.13,0.484,102.883,Metal
Du hast,0.64,0.922,9,-6.283,0,0.0385,0.00369,0.055,0.332,0.716,125.105,Metal
Radar Gun,0.702,0.634,11,-10.113,1,0.0726,0.381,0.016,0.31,0.636,156.631,Metal
Peace Sells - 2004 Remaster,0.303,0.922,11,-4.376,0,0.138,0.000676,0.26,0.561,0.695,138.393,Metal
The Millionaire,0.612,0.583,3,-12.303,1,0.205,0.358,0,0.189,0.599,88.87,Metal
Misirlou,0.293,0.932,4,-6.839,1,0.051,0.0136,0.906,0.289,0.657,173.262,Metal
Wolf Totem,0.557,0.718,8,-8.504,1,0.0415,0.0888,0.0511,0.661,0.49,172.039,Metal
(If You Want the Smoke) Be the Fire,0.38,0.691,1,-7.79,0,0.0335,0.00156,0.000889,0.104,0.514,83.772,Metal
Strange Colour Blue,0.584,0.512,9,-7.993,0,0.0353,0.537,0.0293,0.112,0.217,127.81,Metal
"Sugar, We're Goin Down",0.494,0.842,7,-4.784,1,0.0843,0.00579,0,0.122,0.574,162.011,Punk Rock
Misery Business,0.517,0.906,1,-3.677,1,0.0735,0.00272,9.26E-06,0.113,0.731,172.977,Punk Rock
"Dear Maria, Count Me In",0.465,0.896,2,-3.126,1,0.0795,0.00725,0,0.206,0.569,181.014,Punk Rock
I Write Sins Not Tragedies,0.569,0.83,9,-4.106,0,0.14,0.0807,0,0.114,0.609,170.094,Punk Rock
In Too Deep,0.509,0.812,9,-5.936,1,0.0796,0.00084,0,0.062,0.649,116.078,Punk Rock
"You're Gonna Go Far, Kid",0.55,0.918,9,-3.159,0,0.0682,0.00466,0,0.206,0.563,126.083,Punk Rock
Ocean Avenue,0.486,0.904,6,-3.751,0,0.0638,3.43E-05,2.83E-05,0.0947,0.786,173.734,Punk Rock
The Rock Show,0.531,0.96,9,-3.75,1,0.0565,0.000341,0,0.0602,0.854,96.532,Punk Rock
My Own Worst Enemy,0.494,0.946,4,-2.757,1,0.0637,0.00129,0,0.398,0.741,103.408,Punk Rock
Dammit,0.384,0.981,0,-4.209,1,0.0872,2.54E-05,1.90E-05,0.106,0.307,109.052,Punk Rock
Stacy's Mom,0.774,0.75,11,-4.927,0,0.0412,0.00207,1.78E-05,0.0808,0.927,118.015,Punk Rock
Ignorance,0.522,0.964,11,-2.645,0,0.095,0.00109,0.000389,0.0387,0.51,170.944,Punk Rock
The Middle,0.639,0.873,2,-5.334,1,0.054,0.0345,0,0.0783,0.92,162.151,Punk Rock
Dirty Little Secret,0.465,0.954,10,-4.251,1,0.044,0.000346,5.38E-06,0.573,0.458,143.85,Punk Rock
1985,0.607,0.878,4,-4.422,1,0.0665,0.000246,0,0.337,0.853,119.955,Punk Rock
Only One,0.477,0.907,1,-4.814,0,0.0899,8.00E-05,7.82E-05,0.149,0.304,81.291,Punk Rock
Face Down,0.545,0.932,7,-2.189,0,0.0399,0.000665,0,0.127,0.464,92.956,Punk Rock
crushcrushcrush,0.631,0.793,1,-4.086,0,0.0468,0.000218,5.65E-05,0.0976,0.648,136.96,Punk Rock
I'm Just A Kid,0.527,0.834,1,-5.531,1,0.0447,0.00107,0.000102,0.0993,0.422,110.065,Punk Rock
Gives You Hell,0.718,0.691,4,-6.44,1,0.0387,0.0159,0,0.0627,0.552,100.008,Punk Rock
Move Along,0.517,0.915,3,-3.858,1,0.0456,0.000148,0,0.291,0.648,109.859,Punk Rock
The Great Escape,0.423,0.94,1,-4.012,0,0.0635,0.00166,0,0.178,0.505,149.934,Punk Rock
Say Anything (Else),0.421,0.745,1,-5.1,1,0.0639,0.000749,0,0.0975,0.585,156.703,Punk Rock
The Downfall of Us All,0.589,0.881,0,-4.62,1,0.0666,0.000256,0,0.327,0.709,129.95,Punk Rock
Have Faith In Me,0.507,0.933,0,-4.7,1,0.0868,7.12E-05,0,0.105,0.714,149.998,Punk Rock
Rest To Get Better,0.607,0.986,3,-3.399,1,0.0924,0.00149,0,0.248,0.433,122.937,Punk Rock
"Check Yes, Juliet",0.349,0.919,7,-4.124,1,0.0838,0.00415,0,0.26,0.294,166.916,Punk Rock
Bite My Tongue,0.418,0.824,2,-4.089,1,0.0469,0.00119,6.48E-05,0.2,0.382,143.983,Punk Rock
Semi-Charmed Life,0.64,0.864,7,-6.576,1,0.0314,0.00832,0,0.123,0.701,102.026,Punk Rock
Sk8er Boi,0.487,0.9,0,-4.417,1,0.0482,6.79E-05,0,0.358,0.484,149.937,Punk Rock
Pretty Fly (For A White Guy),0.723,0.902,11,-3.699,0,0.0937,0.0984,1.46E-06,0.0476,0.963,143.375,Punk Rock
Why Don't You Get A Job,0.766,0.882,5,-4.478,1,0.0719,0.0674,2.30E-06,0.281,0.544,107.932,Punk Rock
This Is Gospel,0.572,0.912,7,-4.875,1,0.0707,0.00155,1.20E-06,0.102,0.606,156.073,Punk Rock
Fat Lip,0.402,0.914,9,-5.215,1,0.142,0.000579,0,0.065,0.626,196.505,Punk Rock
The Anthem,0.494,0.939,1,-3.127,1,0.126,0.00666,0,0.139,0.893,177.751,Punk Rock
A Love Like War (feat. Vic Fuentes),0.475,0.987,5,-3.515,0,0.121,0.00028,2.36E-06,0.335,0.632,162.002,Punk Rock
December (again) [feat. Mark Hoppus],0.403,0.953,5,-3.213,0,0.118,9.64E-05,0,0.0915,0.364,160.036,Punk Rock
New Perspective,0.481,0.723,7,-5.713,1,0.039,0.019,0,0.0912,0.583,164.023,Punk Rock
Makeshift Love,0.43,0.935,7,-2.903,1,0.0834,0.00124,1.15E-06,0.277,0.483,179.999,Punk Rock
Vicious Love (feat. Hayley Williams),0.615,0.907,5,-2.908,1,0.0552,0.00818,2.67E-05,0.145,0.716,109.962,Punk Rock
Remembering Sunday,0.449,0.602,6,-4.8,0,0.0264,0.149,0,0.141,0.32,170.04,Punk Rock
What's My Age Again?,0.403,0.956,6,-7.376,1,0.0732,0.017,7.09E-05,0.0893,0.561,157.706,Punk Rock
Buddy Holly,0.535,0.931,8,-4.012,1,0.0451,0.00611,7.26E-05,0.0887,0.825,120.958,Punk Rock
Are You Gonna Be My Girl,0.613,0.953,2,-3.435,1,0.0855,0.00148,0.000582,0.152,0.537,105.046,Punk Rock
Cul-de-sac,0.351,0.96,8,-5.017,1,0.0807,4.09E-05,1.33E-05,0.368,0.319,90.803,Punk Rock
Thnks fr th Mmrs,0.459,0.891,10,-5.057,0,0.0623,0.00511,0,0.106,0.588,154.837,Punk Rock
About a Girl,0.292,0.933,9,-4.371,1,0.064,0.000221,9.86E-06,0.473,0.296,202.012,Punk Rock
Still Waiting,0.431,0.95,7,-4.918,1,0.26,0.00105,3.63E-05,0.272,0.56,191.936,Punk Rock
Responsibility,0.346,0.897,4,-3.478,1,0.0646,0.00662,0,0.11,0.92,160.756,Punk Rock
Turn It Up,0.454,0.963,3,-3.669,0,0.101,0.000386,0.0023,0.0701,0.659,154.958,Punk Rock
Teenage Dirtbag,0.476,0.88,2,-4.522,1,0.0597,0.00219,0,0.184,0.72,188.043,Punk Rock
Jamie All Over,0.426,0.868,1,-3.702,1,0.047,6.54E-05,0,0.0723,0.402,149.042,Punk Rock
I Lost My Mind (In California),0.459,0.94,0,-3.556,1,0.0992,0.000853,0,0.37,0.68,176.196,Punk Rock
Mr. Brightside,0.356,0.924,1,-3.74,1,0.0808,0.00101,0,0.0953,0.232,148.017,Punk Rock
Atlantic,0.546,0.94,4,-2.41,1,0.0401,0.000863,4.16E-06,0.0791,0.542,110.98,Punk Rock
Everything Is Alright,0.435,0.95,8,-3.869,1,0.106,0.000494,0,0.317,0.457,160.987,Punk Rock
Absolutely (Story of a Girl) - Radio Mix,0.481,0.94,7,-5.204,1,0.066,0.000891,0,0.0939,0.66,96.493,Punk Rock
"Swing, Swing",0.54,0.691,7,-5.888,1,0.0306,7.78E-05,0.331,0.0413,0.367,127.946,Punk Rock
Basket Case,0.442,0.943,3,-3.205,1,0.0602,0.00293,8.71E-06,0.091,0.781,85.064,Punk Rock
"This Ain't A Scene, It's An Arms Race",0.435,0.887,9,-4.07,1,0.0636,0.000747,0,0.0327,0.408,199.935,Punk Rock
Weightless,0.497,0.923,2,-4.512,1,0.137,0.00282,0,0.158,0.667,181.075,Punk Rock
Be My Escape,0.551,0.865,9,-5.005,1,0.0399,0.00585,0,0.14,0.244,112.486,Punk Rock
My Friends Over You,0.398,0.978,2,-4.001,1,0.133,0.000291,0,0.0947,0.441,177.797,Punk Rock
Welcome to the Black Parade,0.217,0.905,2,-4.103,1,0.0752,0.000289,0.00011,0.222,0.236,96.95,Punk Rock
Teenagers,0.463,0.857,4,-3.063,1,0.0632,0.0506,0,0.184,0.856,111.647,Punk Rock
Indoors,0.17,0.825,2,-5.88,1,0.0737,4.77E-05,0.000639,0.0907,0.378,158.483,Punk Rock
Something's Gotta Give,0.496,0.913,4,-3.286,1,0.0448,0.0101,0,0.118,0.675,165.981,Punk Rock
All the Old Things (feat. Christina Rotondo),0.299,0.95,7,-2.724,1,0.0974,0.00386,0,0.166,0.543,170.075,Punk Rock
Backseat Serenade,0.508,0.964,6,-3.712,1,0.0453,5.87E-05,3.29E-05,0.172,0.545,140.03,Punk Rock
Break Your Little Heart,0.418,0.951,1,-3.006,1,0.0497,0.00287,0,0.335,0.643,147.942,Punk Rock
Lost In Stereo,0.471,0.963,10,-3.795,1,0.0572,0.00315,0,0.244,0.581,150.033,Punk Rock
Damned If I Do Ya (Damned If I Don't),0.554,0.902,4,-4.018,1,0.0569,0.00635,0,0.328,0.657,126.022,Punk Rock
Stay,0.516,0.877,1,-3.52,1,0.0435,0.00212,0,0.329,0.235,111.968,Punk Rock
Ghosts,0.421,0.862,0,-4.347,1,0.0424,0.000149,0,0.259,0.392,152.872,Punk Rock
Girls,0.309,0.965,4,-4.84,1,0.129,0.000594,0,0.445,0.289,182.727,Punk Rock
A Better Place,0.425,0.964,3,-3.453,0,0.0679,3.91E-05,0,0.162,0.712,177.145,Punk Rock
Josie,0.435,0.979,11,-5.154,1,0.105,5.96E-05,0.000265,0.128,0.611,99.956,Punk Rock
Stop Me When You've Had Enough,0.532,0.925,0,-3.368,0,0.0904,0.00166,2.13E-06,0.0576,0.709,133.033,Punk Rock
Dark Blue - 2015 Remastered,0.323,0.936,3,-4.505,1,0.108,0.00656,0,0.0972,0.326,163.124,Punk Rock
Fall For You,0.41,0.462,0,-6.896,1,0.0341,0.223,0,0.0996,0.381,169.853,Punk Rock
I Miss You,0.664,0.781,11,-6.547,1,0.0339,0.00103,5.33E-06,0.0867,0.593,110,Punk Rock
Do the Math,0.585,0.928,9,-2.307,1,0.0402,0.00383,1.29E-06,0.115,0.825,101.434,Punk Rock
Here For Nothing,0.551,0.832,1,-4.959,1,0.0437,0.00272,4.82E-06,0.102,0.517,111.482,Punk Rock
Jasey Rae,0.486,0.901,2,-6.943,1,0.0391,4.77E-05,0,0.0828,0.348,96.03,Punk Rock
Island,0.569,0.953,1,-3.666,1,0.0437,0.011,1.54E-06,0.342,0.709,110.994,Punk Rock
Drown,0.441,0.977,1,-3.575,0,0.112,0.000154,0.000428,0.842,0.389,143.023,Punk Rock
MakeDamnSure,0.553,0.837,6,-5.608,1,0.0452,0.00941,0,0.372,0.432,140.495,Punk Rock
Sweetness,0.487,0.898,5,-4.436,1,0.038,0.00305,0,0.26,0.597,135.331,Punk Rock
Stay Awake (Dreams Only Last For A Night),0.319,0.907,3,-2.288,1,0.0628,0.0124,0,0.0705,0.464,163.998,Punk Rock
Bad Reputation,0.468,0.985,6,-3.026,1,0.0395,3.81E-05,0.000528,0.167,0.927,103.017,Punk Rock
"Dance, Dance",0.622,0.961,11,-3.198,0,0.154,0.00523,0,0.0854,0.449,114.452,Punk Rock
Anyways,0.563,0.854,4,-4.93,1,0.0332,0.000296,0.025,0.287,0.929,127.029,Punk Rock
Flagpole Sitta,0.361,0.901,4,-4.133,0,0.0443,0.00152,0.000263,0.286,0.482,144.97,Punk Rock
All The Small Things,0.434,0.897,0,-4.918,1,0.0488,0.0103,0,0.612,0.684,148.726,Punk Rock
Grand Theft Autumn / Where Is Your Boy,0.628,0.886,2,-3.805,1,0.0608,0.000706,0,0.275,0.72,135.45,Punk Rock
Alpha Dog,0.526,0.962,2,-3.707,0,0.0726,0.00591,1.52E-05,0.591,0.545,136.923,Punk Rock
My Heroine,0.412,0.823,4,-2.572,0,0.0323,9.62E-05,8.25E-05,0.153,0.162,154.115,Punk Rock
"I'm A Believer - From ""Shrek"" Motion Picture Soundtrack",0.515,0.98,6,-2.41,1,0.0701,0.0167,0,0.258,0.933,164.698,Punk Rock
Saturday,0.461,0.928,11,-3.605,1,0.0684,0.000901,0,0.304,0.624,97.968,Punk Rock
"Dance, Dance",0.63,0.966,11,-2.879,0,0.134,0.00474,0,0.0354,0.5,114.454,Punk Rock
"A Little Less Sixteen Candles, A Little More ""Touch Me""",0.544,0.897,7,-3.224,1,0.0615,0.00526,0,0.18,0.717,133.083,Punk Rock
"This Ain't A Scene, It's An Arms Race",0.433,0.887,9,-3.987,1,0.0599,0.00111,0,0.0509,0.481,200.073,Punk Rock
"""The Take Over, The Breaks Over""",0.603,0.919,9,-2.432,1,0.0472,0.00735,1.21E-05,0.226,0.625,150.014,Punk Rock
I'm Like A Lawyer With The Way I'm Always Trying To Get You Off (Me & You),0.529,0.784,1,-3.818,1,0.0338,0.00289,5.04E-06,0.116,0.531,96.982,Punk Rock
America's Suitehearts,0.488,0.918,2,-4.102,1,0.0453,0.0114,0,0.153,0.709,160.021,Punk Rock
I Don't Care,0.532,0.923,6,-3.837,0,0.058,0.0018,1.29E-05,0.339,0.516,133.976,Punk Rock
"What A Catch, Donnie",0.472,0.713,5,-4.24,1,0.0371,0.0378,1.05E-05,0.311,0.433,128.079,Punk Rock
Painting Flowers,0.356,0.935,6,-4.207,1,0.0499,0.00236,0,0.121,0.4,147.991,Punk Rock
Adrenaline,0.592,0.909,2,-6.29,0,0.085,4.36E-05,0.875,0.287,0.716,119.977,E-Rock
Hydrogen,0.537,0.803,0,-4.805,1,0.0464,4.73E-05,0.838,0.21,0.296,126.065,E-Rock
ULTRAnumb,0.439,0.915,2,-7.078,0,0.0745,0.000184,0.000899,0.326,0.34,91.993,E-Rock
Bleeder,0.396,0.929,11,-6.591,1,0.0431,0.0014,0.584,0.41,0.698,75.014,E-Rock
Crossfire,0.447,0.91,6,-5.29,1,0.0387,7.52E-06,0.843,0.111,0.33,114.973,E-Rock
Nanoteh,0.544,0.926,2,-6.197,1,0.0364,1.91E-05,0.796,0.0768,0.115,120.031,E-Rock
Collision,0.54,0.819,6,-7.053,1,0.0487,4.74E-05,0.896,0.107,0.34,129.991,E-Rock
Ikaros,0.522,0.941,7,-6.023,1,0.057,6.52E-05,0.338,0.328,0.0793,100.011,E-Rock
The Island,0.447,0.901,10,-7.635,0,0.0378,0.0204,0.859,0.115,0.546,172.004,E-Rock
Awakening,0.519,0.946,7,-7.157,1,0.0386,0.000315,0.449,0.313,0.352,128.023,E-Rock
The Fall,0.595,0.931,6,-5.507,1,0.0474,7.86E-06,0.74,0.0891,0.362,122.001,E-Rock
Ai,0.447,0.81,2,-7.419,1,0.0611,5.95E-05,0.148,0.0893,0.44,185.019,E-Rock
5even,0.232,0.928,2,-8.615,1,0.0511,0.000289,0.591,0.275,0.0696,198.921,E-Rock
Resonance,0.324,0.776,0,-7.137,0,0.0356,3.18E-05,0.714,0.0857,0.33,84.99,E-Rock
Controlla,0.323,0.939,10,-8.204,0,0.0358,3.58E-06,0.889,0.469,0.811,160.008,E-Rock
Venom,0.416,0.845,1,-6.732,0,0.0431,6.62E-06,0.135,0.331,0.518,188.967,E-Rock
Prevail - Instrumental,0.41,0.968,0,-5.57,1,0.095,2.12E-05,0.912,0.928,0.562,95.994,E-Rock
Abyss,0.382,0.905,2,-7.391,1,0.0641,0.0012,0.303,0.0657,0.414,178.868,E-Rock
Aftershock,0.495,0.945,10,-5.712,0,0.0409,5.22E-05,0.844,0.128,0.656,128.042,E-Rock
Harbinger,0.523,0.76,8,-7.698,1,0.0312,0.0321,0.178,0.424,0.315,160.009,E-Rock
Pitch-black,0.573,0.817,6,-7.228,1,0.0365,2.11E-05,0.754,0.274,0.481,130.011,E-Rock
Unnamed,0.441,0.904,7,-5.18,1,0.0467,1.14E-05,0.269,0.0667,0.542,179.995,E-Rock
FEEDBACK,0.557,0.882,11,-6.24,0,0.0444,2.45E-05,0.83,0.434,0.754,117.999,E-Rock
Hrveli,0.474,0.962,0,-9.494,1,0.0602,1.75E-05,0.91,0.258,0.405,138.962,E-Rock
Saw,0.435,0.882,4,-7.924,1,0.0323,3.45E-05,0.867,0.0994,0.332,140.036,E-Rock
Quarantine - Instrumental,0.49,0.922,6,-5.606,0,0.102,1.83E-05,0.886,0.099,0.518,92.994,E-Rock
Mute,0.556,0.981,8,-6.348,1,0.062,0.000176,0.913,0.344,0.615,115.03,E-Rock
Inside,0.55,0.96,1,-7.486,1,0.0328,0.000208,0.785,0.149,0.252,98.012,E-Rock
Pulse,0.412,0.956,2,-5.904,1,0.034,1.39E-05,0.882,0.0702,0.392,134.992,E-Rock
Boomslang,0.341,0.94,7,-6.171,1,0.0587,2.12E-05,0.803,0.0538,0.55,180.055,E-Rock
Shattered,0.505,0.99,0,-7.055,1,0.0613,0.00134,0.712,0.172,0.483,136.017,E-Rock
The Chase,0.405,0.883,1,-8.676,1,0.0453,0.0617,0.898,0.271,0.137,74.961,E-Rock
Mars,0.527,0.935,7,-7.354,1,0.0434,0.000529,0.872,0.301,0.664,182.11,E-Rock
Tension,0.46,0.891,4,-8.338,0,0.0427,0.00124,0.833,0.118,0.0638,129.991,E-Rock
Bass Machine,0.658,0.753,1,-7.337,1,0.0403,3.06E-05,0.893,0.124,0.302,130.014,E-Rock
Battle Of The Giants,0.482,0.847,10,-6.177,0,0.0507,1.22E-05,0.962,0.288,0.327,181.079,E-Rock
Game of Thrones Theme,0.468,0.879,5,-7.511,1,0.0445,0.0422,0.929,0.155,0.314,129.986,E-Rock
The Nest,0.484,0.966,9,-5.508,1,0.0484,0.00168,0.857,0.0582,0.485,164.997,E-Rock
Against All Odds,0.604,0.954,7,-9.142,1,0.0576,0.0115,0.773,0.174,0.193,120.007,E-Rock
Soul Crusher,0.423,0.808,1,-8.952,1,0.0385,5.82E-06,0.892,0.105,0.64,161.016,E-Rock
Blades of Fury,0.374,0.998,5,-6.377,0,0.0627,0.00654,0.87,0.109,0.372,135,E-Rock
Hyperbeast,0.501,0.931,10,-6.789,0,0.0382,1.82E-05,0.784,0.156,0.398,140.008,E-Rock
The Harvest,0.436,0.929,6,-8.025,1,0.0409,0.0383,0.858,0.375,0.155,195.033,E-Rock
The Judgement,0.425,0.567,9,-11.335,0,0.0311,0.12,0.875,0.1,0.0387,128.467,E-Rock
The Feast,0.408,0.804,0,-5.692,0,0.036,1.06E-05,0.966,0.367,0.24,218.069,E-Rock
Ready Aim Fire,0.492,0.958,1,-4.167,1,0.084,0.000856,0.000173,0.564,0.338,101.999,E-Rock
Teardrops,0.497,0.916,7,-3.323,1,0.108,0.000323,0,0.36,0.401,96.051,E-Rock
Anti You,0.447,0.81,6,-7.323,0,0.0671,0.000138,7.95E-06,0.411,0.503,131.892,E-Rock
Rockstar,0.262,0.961,1,-4.474,1,0.262,0.000446,0.000296,0.541,0.433,128.073,E-Rock
The Pure And The Tainted,0.615,0.943,1,-7.239,1,0.0507,4.99E-05,0.653,0.167,0.674,109.945,E-Rock
Corner,0.432,0.825,5,-7.819,0,0.0607,0.000752,0.00322,0.137,0.602,196.027,E-Rock
Scrape,0.399,0.954,1,-6.11,1,0.163,0.000148,0.000461,0.234,0.325,165.008,E-Rock
Down In Flames,0.502,0.965,7,-3.523,1,0.048,1.43E-05,0.0017,0.387,0.515,139.999,E-Rock
Prognosis,0.413,0.941,6,-5.79,1,0.057,0.000477,0.0566,0.111,0.444,180.043,E-Rock
Metamorphosis,0.232,0.909,5,-5.474,0,0.11,2.99E-05,0.032,0.442,0.446,167.95,E-Rock
Obsidian,0.593,0.68,11,-9.432,1,0.0912,0.0029,0.0444,0.129,0.228,133.985,E-Rock
Lakes of Flame,0.521,0.929,1,-6.135,0,0.05,1.03E-05,0.00492,0.365,0.45,104.004,E-Rock
Not Over Til We Say So - Instrumental,0.455,0.966,1,-4.828,1,0.0816,3.65E-06,0.82,0.374,0.485,99.991,E-Rock
Armageddon - Instrumental,0.435,0.992,6,-4.51,1,0.282,4.19E-05,0.925,0.312,0.144,158.041,E-Rock
Down In Flames - Instrumental,0.437,0.966,0,-4.649,1,0.0347,5.01E-06,0.772,0.379,0.579,139.995,E-Rock
Enemy - Instrumental,0.488,0.858,10,-6.924,0,0.0433,0.000573,0.916,0.149,0.401,92.007,E-Rock
Ready Aim Fire - Instrumental,0.456,0.981,1,-4.503,1,0.0683,0.000235,0.791,0.415,0.348,102.018,E-Rock
Rockstar - Instrumental,0.276,0.94,6,-5.119,1,0.209,5.48E-05,0.863,0.546,0.434,128.005,E-Rock
The Fall - Instrumental,0.376,0.949,6,-5.282,1,0.0449,5.88E-05,0.785,0.437,0.403,93.95,E-Rock
Shoot Em Up - Instrumental,0.423,0.944,1,-5.257,1,0.0985,6.27E-05,0.954,0.196,0.493,175.998,E-Rock
You'll Get What's Coming - Instrumental,0.385,0.96,1,-4.667,1,0.123,1.14E-05,0.647,0.382,0.468,169.97,E-Rock
Shotgun Senorita,0.525,0.878,7,-6.536,1,0.0382,0.00147,0.826,0.178,0.474,160.064,E-Rock
Anti You - Instrumental,0.496,0.753,2,-8.514,1,0.0936,6.85E-05,0.225,0.365,0.321,132.008,E-Rock
Doubt - Instrumental,0.409,0.95,2,-7.358,1,0.0608,4.60E-05,0.909,0.182,0.213,129.961,E-Rock
Takedown - Instrumental,0.423,0.948,8,-7.486,1,0.0612,7.23E-06,0.952,0.292,0.5,144.041,E-Rock
Kill Me Every Time - Instrumental,0.581,0.987,0,-6.242,1,0.0425,0.00567,0.827,0.0851,0.45,126.01,E-Rock
Throw Away - Instrumental,0.452,0.541,9,-9.709,1,0.031,0.0017,0.85,0.131,0.0379,172.024,E-Rock
Bloodsport,0.579,0.673,1,-6.835,0,0.0281,1.01E-05,0.811,0.0915,0.172,123.029,E-Rock
ShutEmDown,0.633,0.782,0,-4.739,1,0.0661,0.00263,0.769,0.0702,0.233,140.04,E-Rock
Digital De-Evolution,0.494,0.966,7,-6.402,1,0.0441,0.0374,0.933,0.383,0.423,101.01,E-Rock
Truth Be Known,0.55,0.85,7,-6.725,1,0.0323,0.0148,0.93,0.313,0.233,147.963,E-Rock
Slave of The Dark,0.531,0.776,2,-7.663,1,0.0391,0.00112,0.909,0.106,0.146,101.029,E-Rock
Bed of Nails - 25th Anniversary Mix,0.536,0.879,8,-7.009,0,0.0332,0.000166,0.265,0.159,0.15,111.013,E-Rock
The Champion of Sanghelios,0.392,0.934,1,-4.746,1,0.073,0.000896,0.846,0.0983,0.244,176.08,E-Rock
A Shattered Eyedol,0.525,0.92,8,-6.474,1,0.0456,0.000535,0.615,0.0766,0.0411,124.987,E-Rock
Kilgore's Theme,0.456,0.92,2,-4.133,1,0.0404,0.000231,0.741,0.325,0.176,159.984,E-Rock
Fulgore (Vintage Score),0.222,0.98,4,-6.618,1,0.0453,0.00493,0.88,0.425,0.11,116.294,E-Rock
The Escape,0.468,0.908,0,-7.659,1,0.037,0.00142,0.687,0.0996,0.367,140.971,E-Rock
Silent Hill 3 - Creeping Fog,0.364,0.889,8,-7.357,1,0.0546,4.02E-06,0.882,0.199,0.276,160.01,E-Rock
The Final Battle,0.528,0.907,10,-7.673,0,0.0505,6.10E-05,0.898,0.263,0.0899,124.009,E-Rock
Fighter,0.501,0.922,11,-5.393,0,0.0723,0.000145,0.801,0.0742,0.0351,150.106,E-Rock
Kathmandu,0.593,0.942,7,-7.247,1,0.0415,0.136,0.818,0.233,0.587,111,E-Rock
Radar,0.322,0.853,1,-8.352,1,0.0537,7.12E-05,0.828,0.481,0.0342,112.111,E-Rock
Flirt With Bomb,0.402,0.976,4,-6.7,0,0.0408,1.01E-05,0.866,0.401,0.833,155.014,E-Rock
Give me a break,0.35,0.955,0,-4.074,1,0.135,4.02E-06,0.916,0.377,0.229,119.135,E-Rock
Rebellion Anthem,0.238,0.812,4,-7.488,0,0.0888,0.0017,0.74,0.282,0.48,195.079,E-Rock
Ready Aim Fire - Animattronic Chiptune Mix,0.555,0.886,1,-6.28,1,0.0407,0.0031,0.862,0.214,0.833,101.994,E-Rock
Utopia,0.459,0.974,5,-4.358,0,0.054,0.000673,0.865,0.358,0.113,174.045,E-Rock
Crimson Phoenix,0.547,0.737,10,-7.046,0,0.0273,0.00177,0.932,0.114,0.254,129.992,E-Rock
Upgrade,0.544,0.759,7,-10.455,1,0.0522,0.000128,0.604,0.0796,0.456,160.023,E-Rock
Burn Out,0.583,0.693,5,-2.363,0,0.0396,0.00214,0.755,0.072,0.37,175.907,E-Rock
Hell March,0.551,0.91,2,-6.328,1,0.0591,0.000781,0.829,0.704,0.177,121.458,E-Rock
Plasma Racer,0.328,0.933,7,-8.834,1,0.0495,1.18E-05,0.848,0.306,0.36,132.992,E-Rock
Nothing Sacred - Sebastian Komor Remix,0.559,0.844,7,-7.698,1,0.0677,0.00101,0.00127,0.0949,0.103,91.98,E-Rock
Contagion - Sebastian Komor Remix,0.687,0.925,2,-4.672,1,0.0486,0.00318,0.0013,0.276,0.29,110.971,E-Rock
Pittsburgh (No Intro),0.386,0.943,5,-3.033,0,0.185,0.000133,0.00637,0.0928,0.402,148.008,Metal
Low,0.5,0.967,1,-3.218,1,0.0534,1.25E-05,0.00637,0.12,0.498,129.994,Metal
Drag the Lake,0.498,0.904,6,-6.351,1,0.0456,0.026,0.00637,0.0685,0.343,133.973,Metal
Erase The Pain,0.466,0.864,3,-5.586,0,0.0976,5.45E-05,0.00637,0.234,0.481,138.075,Metal
Resentment,0.496,0.955,9,-3.607,0,0.196,8.30E-05,0.00637,0.0549,0.143,122.956,Metal
Crooked Soul - Single Version,0.46,0.975,5,-3.901,0,0.133,0.000145,0.00637,0.105,0.217,128.017,Metal
The Price of Agony,0.349,0.95,1,-4.351,0,0.102,3.58E-06,0.00637,0.0716,0.401,187.955,Metal
Alone In A Room,0.482,0.946,4,-3.23,0,0.0852,0.00251,0.00637,0.0466,0.284,135.071,Metal
Black Flame - Single Edit,0.376,0.982,5,-3.779,0,0.0625,5.70E-05,0.00637,0.16,0.15,148.926,Metal
Heavy Is The Weight (feat. Andy Mineo),0.556,0.951,9,-3.179,1,0.0729,0.000464,0.00637,0.292,0.482,128.051,Metal
The Sinner,0.207,0.977,1,-2.583,0,0.193,1.41E-05,0.00637,0.296,0.42,128.278,Metal
To Plant a Seed,0.261,0.974,5,-2.606,1,0.157,0.033,0.00637,0.264,0.195,140.133,Metal
The Worst In Me,0.43,0.945,11,-2.662,0,0.102,0.00109,0.00637,0.311,0.276,170.081,Metal
Stitch,0.501,0.968,6,-5.324,1,0.12,0.000114,0.00637,0.683,0.392,149.989,Metal
SECOND & SEBRING,0.273,0.973,1,-3.324,0,0.0807,0.000892,0.00637,0.388,0.179,133.428,Metal
Hollow Bodies,0.334,0.968,8,-2.544,1,0.131,2.93E-05,0.00637,0.449,0.149,153.818,Metal
Dez Moines,0.424,0.981,10,-2.749,1,0.163,0.000537,0.00637,0.357,0.0992,149.955,Metal
Shadow Moses,0.456,0.985,6,-2.949,1,0.207,0.000235,0.00637,0.103,0.183,143.006,Metal
Bow Down,0.426,0.959,0,-4.95,1,0.0525,5.36E-05,0.00637,0.707,0.372,155.01,Metal
Doomsday,0.523,0.979,2,-4.214,1,0.159,2.62E-05,0.00637,0.153,0.179,125.038,Metal
No Ordinary Love,0.38,0.993,9,-2.374,1,0.155,0.000651,0.00637,0.0797,0.214,140.058,Metal
In Between,0.462,0.972,7,-2.642,0,0.138,0.00285,0.00637,0.666,0.449,128.092,Metal
Vengeance,0.48,0.972,6,-3.991,1,0.105,2.66E-05,0.00637,0.0942,0.355,134.999,Metal
Not The American Average,0.236,0.892,2,-4.106,0,0.188,0.0305,0.00637,0.278,0.0685,184.981,Metal
Sleeptalk,0.49,0.946,5,-3.563,0,0.118,0.0563,0.00637,0.749,0.24,130.042,Metal
Hope,0.506,0.905,0,-9.542,0,0.0719,0.000111,0.00637,0.513,0.487,135.001,Metal
O.G. Loko,0.502,0.98,5,-2.865,1,0.155,1.17E-05,0.00637,0.289,0.295,140.007,Metal
Open Letter,0.244,0.972,0,-4.703,0,0.156,4.57E-05,0.00637,0.19,0.184,143.521,Metal
The Black,0.417,0.954,11,-4.152,0,0.0627,0.00151,0.00637,0.407,0.146,96.993,Metal
Smokahontas,0.523,0.924,7,-4.03,1,0.112,0.00113,0.00637,0.125,0.306,134.984,Metal
Reincarnate,0.478,0.992,7,-3.165,1,0.211,0.000245,0.00637,0.327,0.117,109.969,Metal
Throne,0.426,0.888,0,-3.72,0,0.0987,0.000455,0.00637,0.306,0.387,144.111,Metal
Another Life,0.39,0.939,4,-3.828,0,0.0787,5.08E-05,0.00637,0.0968,0.495,161.997,Metal
A Match Made In Heaven,0.517,0.977,7,-4.627,1,0.0741,4.97E-05,0.00637,0.105,0.135,121.503,Metal
Calm Snow,0.494,0.873,2,-4.128,0,0.0833,0.00341,0.00637,0.136,0.185,90.003,Metal
Deathgrip,0.409,0.946,5,-6.578,0,0.208,0.00737,0.00637,0.101,0.247,159.929,Metal
Hansha,0.517,0.846,7,-4.616,1,0.0515,0.00143,0.00637,0.437,0.293,130.013,Metal
"If I'm James Dean, You're Audrey Hepburn",0.425,0.936,8,-5.52,0,0.0829,2.10E-05,0.00637,0.926,0.417,158.046,Metal
Chemical,0.527,0.789,5,-7.344,0,0.0331,0.0022,0.00637,0.085,0.209,75.019,Metal
Nerve,0.435,0.944,2,-3.283,0,0.104,0.000117,0.00637,0.325,0.31,127.902,Metal
Signs,0.314,0.904,5,-5.931,0,0.0797,0.000244,0.00637,0.143,0.206,165.193,Metal
Loneshark,0.363,0.988,10,-3.207,0,0.0922,0.000255,0.00637,0.615,0.0857,89.944,Metal
Masochist,0.49,0.941,3,-3.242,0,0.0495,0.000634,0.00637,0.101,0.264,119.998,Metal
Unstoppable,0.362,0.997,4,-4.151,1,0.159,7.35E-05,0.00637,0.33,0.187,76.48,Metal
My Curse,0.197,0.956,10,-2.908,0,0.0663,7.61E-05,0.00637,0.261,0.209,177.018,Metal
Assistant To The Regional Manager,0.442,0.972,1,-3.03,0,0.106,0.00143,0.00637,0.0969,0.217,144.999,Metal
Octane,0.463,0.87,1,-4.408,1,0.0511,7.80E-05,0.00637,0.0801,0.36,102.534,Metal
THE DEATH OF PEACE OF MIND,0.467,0.705,0,-5.613,0,0.046,0.079,0.00637,0.143,0.267,154.983,Metal
Rose,0.439,0.766,6,-5.681,1,0.0525,0.269,0.00637,0.0782,0.168,114.758,Metal
Become the Martyr,0.482,0.885,5,-5.728,0,0.0509,0.000649,0.00637,0.0755,0.403,130.089,Metal
Ten Thousand Feet,0.264,0.96,6,-2.968,1,0.0906,0.000532,0.00637,0.214,0.212,139.967,Metal
[&] Delinquents,0.478,0.962,5,-4.041,0,0.088,0.0001,0.00637,0.394,0.365,145.058,Metal
I'd Rather See Your Star Explode,0.322,0.92,3,-3.823,0,0.178,0.00179,0.00637,0.12,0.324,178.129,Metal
Circle With Me,0.422,0.874,8,-4.606,0,0.0534,0.000166,0.00637,0.143,0.392,102.743,Metal
Sacrifice,0.221,0.962,8,-3.654,0,0.194,7.99E-05,0.00637,0.491,0.147,173.942,Metal
Circle The Drain,0.448,0.969,5,-3.309,0,0.11,0.000129,0.00637,0.0771,0.387,92.512,Metal
Animals,0.532,0.759,1,-3.842,0,0.0319,0.000123,0.00637,0.073,0.293,95.01,Metal
Contraband (feat. Courtney LaPlante),0.475,0.959,11,-4.135,1,0.0903,9.35E-05,0.00637,0.213,0.135,129.983,Metal
Wave of Youth,0.511,0.768,2,-6.499,0,0.0512,0.00341,0.00637,0.286,0.282,149.949,Metal
Lines of Your Hands,0.475,0.892,4,-5.468,0,0.0422,0.000375,0.00637,0.353,0.102,88.961,Metal
The Thread,0.339,0.941,1,-5.1,0,0.0853,0.00152,0.00637,0.0889,0.157,104.59,Metal
Isn't It Strange?,0.585,0.551,10,-7.641,0,0.0444,0.288,0.00637,0.356,0.154,110.013,Metal
I Hate Buffering,0.48,0.97,0,-2.972,1,0.0906,0.000601,0.00637,0.443,0.239,92.493,Metal
Danger: Wildman,0.266,0.974,2,-2.973,1,0.116,0.00108,0.00637,0.439,0.0862,148.034,Metal
Wapakalypse,0.518,0.975,11,-3.079,0,0.0919,0.00203,0.00637,0.275,0.297,92.516,Metal
Ben Has A Kid,0.479,0.974,2,-2.669,1,0.138,0.00157,0.00637,0.317,0.143,140.128,Metal
Forlorn,0.321,0.935,1,-3.235,1,0.101,7.43E-05,0.00637,0.121,0.294,100.115,Metal
Nightfall,0.261,0.985,8,-3.237,1,0.129,0.000187,0.00637,0.316,0.239,159.838,Metal
Transit Blues,0.527,0.994,7,-3.453,1,0.154,1.29E-05,0.00637,0.372,0.22,104.48,Metal
Submersion,0.508,0.973,1,-3.702,0,0.166,1.57E-05,0.00637,0.102,0.142,132.009,Metal
Daughter,0.493,0.993,7,-2.32,1,0.202,3.12E-06,0.00637,0.336,0.107,92.517,Metal
Martyrs,0.274,0.991,2,-2.973,1,0.225,0.00218,0.00637,0.12,0.183,145.169,Metal
Home for Grave,0.501,0.986,2,-3.16,0,0.0761,0.000541,0.00637,0.372,0.118,107.473,Metal
Mammoth,0.286,0.94,2,-3.396,1,0.0791,0.000113,0.00637,0.223,0.19,101.74,Metal
"Reptar, King Of The Ozone",0.193,0.955,10,-3.848,1,0.257,3.64E-05,0.00637,0.143,0.235,164.914,Metal
And the Sentence Trails Off...,0.307,0.875,2,-4.273,0,0.108,0.000186,0.00637,0.0795,0.356,101.817,Metal
Into The Fire,0.375,0.965,8,-2.436,0,0.123,0.000164,0.00637,0.28,0.292,175.014,Metal
Vultures,0.394,0.694,1,-5.58,0,0.0428,0.169,0.00637,0.0992,0.403,170.437,Metal
The Final Episode (Let's Change Channel),0.213,0.957,3,-2.967,1,0.235,0.00156,0.00637,0.394,0.157,196.118,Metal
A Candlelit Dinner With Inamorta,0.225,0.988,7,-2.728,1,0.198,0.0133,0.00637,0.509,0.186,138.375,Metal
Hey There Mr. Brooks,0.196,0.941,7,-3.311,0,0.0772,0.0291,0.00637,0.565,0.153,94.994,Metal
A Single Moment Of Sincerity,0.401,0.93,2,-3.459,1,0.107,0.00231,0.00637,0.183,0.259,92.384,Metal
I Used To Have A Best Friend [But Then He Gave Me An STD],0.237,0.938,0,-3.204,0,0.127,0.000239,0.00637,0.0487,0.177,160.02,Metal
A Prophecy,0.233,0.943,2,-3.443,0,0.171,0.00878,0.00637,0.359,0.0501,149.992,Metal
Dear Insanity,0.238,0.996,1,-1.636,1,0.161,1.06E-05,0.00637,0.4,0.0626,99.901,Metal
To The Stage,0.218,0.987,7,-2.225,1,0.219,9.90E-05,0.00637,0.617,0.0553,129.806,Metal
The Match,0.308,0.961,7,-2.796,1,0.204,7.94E-05,0.00637,0.87,0.13,140.029,Metal
Another Bottle Down,0.491,0.99,5,-2.007,1,0.126,8.71E-05,0.00637,0.0962,0.21,119.929,Metal
Morte et Dabo,0.374,0.993,5,-2.952,1,0.221,0.00016,0.00637,0.146,0.0343,105.013,Metal
Killing You,0.354,0.985,7,-3.034,1,0.19,8.64E-05,0.00637,0.902,0.117,194.991,Metal
Moving On,0.446,0.761,3,-4.141,0,0.032,0.000569,0.00637,0.182,0.336,134.971,Metal
"I Was Once, Possibly, Maybe, Perhaps A Cowboy King",0.335,0.966,2,-4.059,0,0.0961,0.00234,0.00637,0.136,0.169,122.061,Metal
I Am the Lion,0.231,0.96,8,-4.364,1,0.118,0.000307,0.00637,0.11,0.18,138.736,Metal
Born To Lose,0.229,0.99,4,-2.901,1,0.158,0.000189,0.00637,0.263,0.173,164.892,Metal
Part Of Me,0.457,0.88,1,-6.69,0,0.0471,0.000647,0.00637,0.136,0.337,94.549,Metal
Dream Thief,0.27,0.987,5,-3.439,0,0.22,0.00408,0.00637,0.168,0.0382,103.307,Metal
Eternally Apart,0.24,0.994,7,-3.209,0,0.245,0.000756,0.00637,0.124,0.0752,136.999,Metal
Sassafras,0.356,0.99,2,-3.035,1,0.14,0.00294,0.00637,0.177,0.149,199.87,Metal
Termination,0.308,0.984,1,-3.031,0,0.119,3.93E-05,0.00637,0.0777,0.0714,105.91,Metal
Paralyzed,0.391,0.962,6,-3.379,1,0.13,2.64E-05,0.00637,0.17,0.475,169.986,Metal
The Day That the Earth Stalled,0.446,0.932,9,-2.914,0,0.0729,0.00111,0.00637,0.326,0.458,91.023,Funk Rock
T.L.C. (TURNSTILE LOVE CONNECTION),0.415,0.957,9,-6.087,1,0.107,0.0108,0.00637,0.0945,0.322,129.892,Funk Rock
180 Degrees,0.376,0.953,0,-4.449,1,0.0882,7.86E-05,0.00637,0.0585,0.7,97.211,Funk Rock
6L GTR,0.508,0.749,6,-4.009,1,0.0451,0.028,0.00637,0.399,0.614,109.315,Funk Rock
Collision Course,0.428,0.948,0,-2.898,1,0.0635,0.0191,0.00637,0.305,0.784,167.01,Funk Rock
Good Intentions (Originally by Gorilla Biscuits),0.607,0.88,5,-7.731,0,0.0996,5.69E-05,0.00637,0.105,0.496,110.071,Funk Rock
Don't Take Me For Granted,0.271,0.97,5,-3.686,1,0.0704,3.98E-05,0.00637,0.762,0.346,181.862,Funk Rock
No Reason Why,0.324,0.987,9,-4.656,1,0.0734,0.0012,0.00637,0.0816,0.61,108.557,Funk Rock
Attitude,0.381,0.901,2,-6.998,1,0.0422,0.00178,0.00637,0.329,0.595,87.472,Funk Rock
25 to Life,0.559,0.886,2,-5.086,1,0.0394,0.000333,0.00637,0.142,0.762,109.989,Funk Rock
Bent but Not Broken,0.508,0.967,6,-5.253,0,0.062,0.000288,0.00637,0.195,0.721,139.475,Funk Rock
Sinister Rouge,0.367,0.968,2,-2.728,0,0.0392,6.75E-05,0.00637,0.283,0.659,189.309,Funk Rock
Dead & Gone: The Sequel (Mo' Dead Mo' Gone),0.44,0.959,1,-4.726,0,0.0653,2.89E-05,0.00637,0.361,0.319,145.978,Funk Rock
Hybrid Moments,0.161,0.836,2,-9.324,1,0.0519,0.224,0.00637,0.0926,0.487,193.782,Funk Rock
Biggest Lie,0.397,0.961,8,-2.882,1,0.211,0.00654,0.00637,0.177,0.281,183.854,Funk Rock
Sound System,0.569,0.954,2,-4.82,1,0.126,0.35,0.00637,0.0768,0.574,91.205,Funk Rock
Bring Me Home,0.388,0.982,2,-3.212,1,0.0744,0.000707,0.00637,0.34,0.717,190.091,Funk Rock
Real Food At Last,0.287,0.934,7,-4.94,1,0.156,1.30E-05,0.00637,0.124,0.316,94.953,Funk Rock
Life Goals,0.357,0.995,11,-3.818,1,0.127,0.000407,0.00637,0.295,0.543,190.03,Funk Rock
Anti-Complicity Anthem,0.405,0.997,7,-0.854,1,0.161,0.00246,0.00637,0.347,0.267,182.1,Funk Rock
Before It Kills,0.444,0.982,11,-3.513,0,0.11,8.43E-05,0.00637,0.169,0.747,93.873,Funk Rock
Nothing To Prove,0.552,0.97,9,-4.735,1,0.135,0.0246,0.00637,0.215,0.507,156.043,Funk Rock
Dark Hearts,0.505,0.994,1,-3.982,0,0.2,0.007,0.00637,0.0396,0.216,167.064,Funk Rock
Marry. Fuck. Kill.,0.363,0.962,2,-4.417,1,0.103,3.42E-06,0.00637,0.0967,0.523,173.093,Funk Rock
Struck By Lightning,0.385,0.796,2,-3.514,1,0.101,0.0119,0.00637,0.116,0.545,135.108,Funk Rock
Blood Bath At Burger King,0.531,0.963,9,-5.011,1,0.128,0.0927,0.00637,0.298,0.525,102.505,Funk Rock
She's the One - 2018 Remaster,0.353,0.974,2,-2.191,1,0.0467,0.00651,0.00637,0.277,0.923,188.433,Funk Rock
Selfish Satisfaction,0.493,0.985,1,-2.493,0,0.122,0.000187,0.00637,0.338,0.509,95.015,Funk Rock
Sing for Your Supper,0.424,0.955,7,-5.696,0,0.0657,2.87E-05,0.00637,0.163,0.837,190.136,Funk Rock
A Million Miles,0.49,0.955,11,-3.69,0,0.0951,0.000816,0.00637,0.109,0.423,97.567,Funk Rock
Usa-Holes,0.452,0.988,4,-4.356,0,0.26,5.12E-05,0.00637,0.174,0.331,154.907,Funk Rock
It's Not Enough To Believe,0.35,0.934,10,-4.887,0,0.122,1.41E-06,0.00637,0.135,0.654,183.002,Funk Rock
Monster Under My Bed,0.625,0.728,1,-9.232,1,0.0286,0.0032,0.00637,0.358,0.925,101.478,Funk Rock
Calming Collection,0.416,0.992,7,-3.62,1,0.137,5.02E-05,0.00637,0.326,0.139,101.454,Funk Rock
Don't Drag Me Down,0.328,0.957,8,-2.568,1,0.0787,4.70E-06,0.00637,0.0551,0.515,181.957,Funk Rock
Fairweather Friend,0.378,0.988,0,-4.779,1,0.198,0.00972,0.00637,0.103,0.257,177.123,Funk Rock
Fingers Crossed,0.481,0.993,2,-1.821,1,0.167,0.00466,0.00637,0.316,0.447,119.834,Funk Rock
Tropical,0.43,0.938,0,-3.937,1,0.0503,1.62E-05,0.00637,0.4,0.703,118.863,Funk Rock
Better Than That,0.418,0.983,6,-6.004,0,0.0882,0.0081,0.00637,0.339,0.669,99.499,Funk Rock
Friends of the Enemy,0.419,0.891,0,-3.721,1,0.0492,0.0511,0.00637,0.111,0.832,174.806,Funk Rock
Don't Want to Go,0.382,0.982,4,-2.708,1,0.108,0.00488,0.00637,0.625,0.902,200.945,Funk Rock
The Economy is Suffering...Let It Die,0.361,0.929,1,-3.992,1,0.0748,0.00134,0.00637,0.311,0.454,84.115,Funk Rock
Julia,0.333,0.96,8,-4.404,1,0.175,0.0182,0.00637,0.0978,0.294,202.07,Funk Rock
Island of Shame,0.265,0.91,9,-4.452,0,0.0647,5.43E-05,0.00637,0.0919,0.81,172.886,Funk Rock
Breastless,0.45,0.917,11,-5.198,1,0.121,6.26E-05,0.00637,0.113,0.523,113.87,Funk Rock
Bang Bang,0.499,0.958,9,-5.417,1,0.0898,0.000326,0.00637,0.432,0.359,127.491,Funk Rock
I Fought the Law,0.425,0.945,0,-4.866,1,0.0764,0.00161,0.00637,0.23,0.796,199.822,Funk Rock
GO,0.473,0.948,8,-6.678,0,0.0578,0.000396,0.00637,0.482,0.275,99.976,Funk Rock
Minor Threat,0.276,0.91,2,-7.465,1,0.0491,0.00101,0.00637,0.276,0.935,166.469,Funk Rock
Mummy Doesn't Know You're a Nazi,0.267,0.993,2,-3.746,1,0.0971,0.00193,0.00637,0.363,0.654,99.904,Funk Rock
Hope,0.506,0.903,2,-8.898,1,0.0455,0.00169,0.00637,0.336,0.781,117.229,Funk Rock
No Feelings,0.301,0.959,5,-7.209,1,0.152,0.0243,0.00637,0.287,0.601,164.212,Funk Rock
Baby! Hey!,0.525,0.95,6,-3.911,1,0.0914,0.000163,0.00637,0.327,0.888,160.061,Funk Rock
She's Kerosene,0.577,0.936,11,-2.924,0,0.078,0.043,0.00637,0.413,0.899,168.879,Funk Rock
Neat Neat Neat,0.437,0.864,1,-8.334,0,0.0586,0.00395,0.00637,0.0804,0.585,88.445,Funk Rock
World's On Heroin,0.454,0.978,11,-6.812,0,0.105,0.0149,0.00637,0.3,0.261,105.533,Funk Rock
Never Gonna Die,0.551,0.974,11,-3.968,0,0.12,0.00928,0.00637,0.208,0.492,91.952,Funk Rock
Lonely,0.499,0.973,8,-3.845,1,0.0858,0.00691,0.00637,0.362,0.351,100.975,Funk Rock
Live Fast Die Young,0.482,0.952,4,-4.759,0,0.0584,0.134,0.00637,0.0836,0.79,108.254,Funk Rock
Fabled World,0.238,0.892,1,-4.34,0,0.111,0.00196,0.00637,0.343,0.439,185.91,Funk Rock
Pay To Cum,0.377,0.904,0,-10.691,1,0.0638,4.32E-05,0.00637,0.543,0.365,130.267,Funk Rock
Drain the Blood,0.393,0.905,0,-4.167,1,0.0912,0.17,0.00637,0.236,0.414,168.902,Funk Rock
Euro-Barge,0.488,0.988,11,-4.787,0,0.146,0.00464,0.00637,0.0445,0.614,163.896,Funk Rock
Jealous Again,0.342,0.925,9,-11.187,1,0.0675,0.00195,0.00637,0.191,0.472,105.77,Funk Rock
Refusal,0.344,0.934,11,-5.523,0,0.0889,4.82E-05,0.00637,0.297,0.598,118.887,Funk Rock
Reach For The Sky,0.437,0.98,1,-3.05,1,0.0552,1.61E-05,0.00637,0.304,0.409,122.735,Funk Rock
Hopeless Romantic,0.243,0.981,4,-5.251,1,0.074,0.000164,0.00637,0.207,0.216,105.022,Funk Rock
Back to the World,0.343,0.979,8,-3.979,1,0.153,0.0154,0.00637,0.115,0.501,178.319,Funk Rock
Borstal Breakout,0.247,0.875,11,-6.457,1,0.101,0.000106,0.00637,0.171,0.842,189.757,Funk Rock
Police Truck,0.207,0.967,4,-5.381,1,0.0982,0.0627,0.00637,0.504,0.598,202.423,Funk Rock
We Are All We Have,0.359,0.995,9,-3.092,1,0.153,4.00E-06,0.00637,0.307,0.405,164.996,Funk Rock
Circles,0.423,0.829,1,-5.999,0,0.0601,0.00132,0.00637,0.316,0.4,93.37,Funk Rock
Cyco Vision,0.282,0.996,9,-3.991,1,0.274,0.00668,0.00637,0.0674,0.323,185.423,Funk Rock
A Speculative Fiction,0.256,0.99,9,-5.753,1,0.173,0.000537,0.00637,0.303,0.191,181.93,Funk Rock
Ever Fallen In Love (With Someone You Shouldn't've),0.221,0.871,4,-5.555,1,0.0475,0.0014,0.00637,0.0715,0.787,175.699,Funk Rock
Beat 'em Down,0.409,0.92,8,-4.897,1,0.0539,0.0129,0.00637,0.0571,0.803,88.53,Funk Rock
The Slowest Drink at the Saddest Bar on the Snowiest Day in the Greatest City,0.269,0.914,4,-5.918,1,0.129,0.0012,0.00637,0.347,0.652,134.244,Funk Rock
After the Party,0.209,0.962,1,-4.435,1,0.0482,0.000269,0.00637,0.15,0.351,184.267,Funk Rock
Matchbook,0.421,0.935,0,-5.172,1,0.0601,0.00036,0.00637,0.205,0.519,104.939,Funk Rock
After You My Friend,0.375,0.922,11,-5.54,1,0.128,0.0417,0.00637,0.341,0.484,107.735,Funk Rock
Nervous Breakdown,0.401,0.907,11,-11.422,0,0.0679,0.524,0.00637,0.48,0.317,90.302,Funk Rock
White Riot - Remastered,0.168,0.974,2,-4.862,1,0.0655,0.000598,0.00637,0.295,0.609,205.278,Funk Rock
A Fool's Errand,0.47,0.962,9,-2.95,1,0.134,0.0116,0.00637,0.248,0.634,159.89,Funk Rock
Steamroller (My Baby Got Run Over By a),0.657,0.776,9,-7.061,1,0.0327,0.00111,0.00637,0.045,0.837,107.713,Funk Rock
Without Love,0.359,0.967,2,-3.134,1,0.111,0.000523,0.00637,0.185,0.518,182.86,Funk Rock
Deny Everything,0.26,0.999,5,-2.479,1,0.208,0.22,0.00637,0.11,0.071,189.464,Funk Rock
Do What You Want,0.391,0.986,7,-3.306,1,0.0814,0.00349,0.00637,0.276,0.874,154.262,Funk Rock
The Separation Of Church & Skate,0.373,0.962,9,-3.21,0,0.11,0.000785,0.00637,0.243,0.265,138.343,Funk Rock
Everyone I Know Has Mental Problems,0.219,0.995,7,-3.791,1,0.253,0.00468,0.00637,0.237,0.461,197.048,Funk Rock
Victory Lap,0.537,0.982,5,-3.673,1,0.0821,0.00694,0.00637,0.32,0.356,132.947,Funk Rock
BLACKOUT,0.301,0.807,6,-6.258,1,0.0695,0.000881,0.00637,0.0849,0.595,84.051,Funk Rock
Bohemian Rhapsody - Remastered 2011,0.392,0.402,0,-9.961,0,0.0536,0.288,0.00637,0.243,0.228,143.883,Classic Rock
"Rocket Man (I Think It's Going To Be A Long, Long Time)",0.601,0.532,10,-9.119,1,0.0286,0.432,0.00637,0.0925,0.341,136.571,Classic Rock
Your Love,0.579,0.654,1,-12.421,0,0.0553,0.121,0.00637,0.0673,0.616,129.537,Classic Rock
The End,0.347,0.302,0,-12.104,1,0.0291,0.163,0.00637,0.14,0.0332,105.702,Classic Rock
Zombie,0.307,0.635,7,-8.957,1,0.0339,0.0154,0.00637,0.366,0.304,166.973,Classic Rock
Carry on Wayward Son,0.482,0.786,7,-5.735,1,0.032,0.00321,0.00637,0.446,0.793,126.755,Classic Rock
Sweet Home Alabama,0.596,0.605,7,-12.145,1,0.0255,0.181,0.00637,0.0863,0.886,97.798,Classic Rock
House Of The Rising Sun,0.295,0.584,9,-6.696,0,0.0345,0.000385,0.00637,0.0996,0.228,117.2,Classic Rock
Who Are You,0.651,0.648,9,-11.409,1,0.0501,0.262,0.00637,0.0655,0.49,156.372,Classic Rock
Fortunate Son,0.64,0.663,0,-7.516,1,0.0374,0.201,0.00637,0.152,0.663,132.77,Classic Rock
Stairway to Heaven - Remaster,0.338,0.34,9,-12.049,0,0.0339,0.58,0.00637,0.116,0.197,82.433,Classic Rock
Hotel California - 2013 Remaster,0.579,0.508,2,-9.484,1,0.027,0.00574,0.00637,0.0575,0.609,147.125,Classic Rock
Piano Man,0.334,0.477,0,-8.806,1,0.0276,0.618,0.00637,0.312,0.405,179.239,Classic Rock
Killer Queen - Remastered 2011,0.535,0.65,10,-6.328,1,0.0554,0.379,0.00637,0.14,0.61,117.188,Classic Rock
Rock And Roll All Nite,0.654,0.929,1,-5.906,1,0.0998,0.0468,0.00637,0.0539,0.902,144.774,Classic Rock
Free Bird,0.249,0.834,0,-8.21,1,0.0577,0.0738,0.00637,0.0924,0.338,118.223,Classic Rock
More Than a Feeling,0.377,0.681,7,-8.039,1,0.0298,0.00088,0.00637,0.0504,0.285,108.789,Classic Rock
Africa,0.671,0.373,9,-18.064,1,0.0323,0.257,0.00637,0.0481,0.732,92.718,Classic Rock
Livin' On A Prayer,0.534,0.887,0,-3.777,1,0.0345,0.0768,0.00637,0.325,0.72,122.494,Classic Rock
"Paint It, Black",0.464,0.795,1,-9.267,1,0.0926,0.0493,0.00637,0.399,0.612,158.691,Classic Rock
Jump - 2015 Remaster,0.572,0.835,0,-6.219,1,0.0317,0.171,0.00637,0.0702,0.795,129.981,Classic Rock
Eye of the Tiger,0.815,0.438,0,-14.522,0,0.0346,0.216,0.00637,0.0787,0.552,108.965,Classic Rock
Don't Stop Believin',0.5,0.748,4,-9.072,1,0.0363,0.127,0.00637,0.447,0.514,118.852,Classic Rock
Only the Good Die Young,0.579,0.872,0,-6.126,1,0.159,0.159,0.00637,0.0935,0.761,76.214,Classic Rock
Baba O'Riley,0.394,0.644,5,-10.996,1,0.0367,0.244,0.00637,0.328,0.182,117.152,Classic Rock
Dream On,0.307,0.433,1,-10.057,1,0.029,0.388,0.00637,0.332,0.224,160.9,Classic Rock
(I Can't Get No) Satisfaction - Mono Version,0.723,0.863,2,-7.89,1,0.0338,0.0383,0.00637,0.128,0.931,136.302,Classic Rock
Simple Man,0.422,0.752,6,-8.682,1,0.0449,0.0366,0.00637,0.129,0.403,120.471,Classic Rock
American Pie,0.531,0.481,4,-11.709,0,0.06,0.699,0.00637,0.0842,0.491,138.45,Classic Rock
Highway to Hell,0.574,0.913,6,-4.793,0,0.133,0.061,0.00637,0.156,0.423,115.728,Classic Rock
Down On The Corner,0.858,0.544,0,-9.289,1,0.0751,0.583,0.00637,0.0707,0.874,108.217,Classic Rock
Tiny Dancer,0.414,0.428,0,-11.097,1,0.0278,0.382,0.00637,0.148,0.282,145.075,Classic Rock
Back In Black,0.31,0.7,9,-5.678,1,0.047,0.011,0.00637,0.0828,0.763,188.386,Classic Rock
Sweet Emotion,0.38,0.76,9,-10.961,1,0.0378,0.00298,0.00637,0.104,0.491,99.437,Classic Rock
You Give Love A Bad Name,0.537,0.959,0,-3.002,0,0.0557,0.0704,0.00637,0.382,0.828,122.806,Classic Rock
Crazy Train,0.453,0.905,9,-4.001,1,0.115,0.36,0.00637,0.26,0.474,137.571,Classic Rock
Any Way You Want It,0.529,0.932,7,-7.501,1,0.0488,0.00251,0.00637,0.136,0.571,138.158,Classic Rock
Somebody To Love - 2011 Remaster,0.466,0.698,8,-6.967,1,0.0629,0.164,0.00637,0.127,0.349,109.772,Classic Rock
Doing All Right - revisited,0.373,0.453,9,-9.224,1,0.0419,0.261,0.00637,0.16,0.418,95.384,Classic Rock
For What It's Worth,0.653,0.519,2,-10.164,1,0.0497,0.406,0.00637,0.101,0.822,98.883,Classic Rock
Crazy Little Thing Called Love - 2011 Remaster,0.626,0.762,7,-6.846,1,0.0432,0.673,0.00637,0.325,0.766,76.793,Classic Rock
Another One Bites The Dust - 2011 Remaster,0.928,0.526,5,-6.486,0,0.161,0.0969,0.00637,0.153,0.753,109.958,Classic Rock
I Want To Break Free,0.807,0.414,4,-8.903,1,0.0352,0.105,0.00637,0.0813,0.502,108.944,Classic Rock
Bohemian Rhapsody - Live Aid,0.379,0.781,0,-6.147,0,0.0417,0.315,0.00637,0.401,0.327,77.567,Classic Rock
Help! - Remastered 2009,0.534,0.725,6,-7.576,0,0.0332,0.188,0.00637,0.0994,0.763,95.003,Classic Rock
Radio Ga Ga - Live Aid,0.406,0.934,5,-6.668,1,0.0845,0.0138,0.00637,0.955,0.395,118.823,Classic Rock
Don't Stop Me Now - revisited,0.465,0.917,5,-6.331,1,0.237,0.0152,0.00637,0.286,0.39,155.061,Classic Rock
Walk This Way,0.653,0.73,5,-10.613,1,0.043,0.0114,0.00637,0.0754,0.894,108.705,Classic Rock
You Shook Me All Night Long,0.532,0.767,7,-5.509,1,0.0574,0.00287,0.00637,0.39,0.755,127.361,Classic Rock
I Wanna Rock,0.504,0.911,2,-2.97,1,0.0738,0.00512,0.00637,0.355,0.671,106.244,Classic Rock
The Joker,0.596,0.448,5,-9.616,1,0.0396,0.365,0.00637,0.206,0.796,83.293,Classic Rock
Juke Box Hero,0.357,0.653,9,-5.554,1,0.0654,0.0828,0.00637,0.0844,0.522,176.647,Classic Rock
Take It Easy - 2013 Remaster,0.575,0.67,7,-10.39,1,0.0318,0.343,0.00637,0.129,0.74,139.191,Classic Rock
The Boys Are Back In Town,0.445,0.706,8,-9.803,1,0.0461,0.234,0.00637,0.205,0.768,80.823,Classic Rock
Thunderstruck,0.502,0.89,4,-5.175,1,0.0364,0.000147,0.00637,0.217,0.259,133.52,Classic Rock
Life in the Fast Lane - 2013 Remaster,0.667,0.755,9,-7.246,1,0.069,0.0966,0.00637,0.0523,0.883,109.535,Classic Rock
Whole Lotta Love - 1990 Remaster,0.412,0.902,9,-11.6,1,0.405,0.0484,0.00637,0.405,0.422,89.74,Classic Rock
Break on Through (To the Other Side),0.421,0.751,9,-9.584,1,0.0472,0.2,0.00637,0.17,0.789,89.839,Classic Rock
Hot Blooded,0.705,0.806,0,-4.83,1,0.0814,0.229,0.00637,0.0676,0.763,117.945,Classic Rock
Jessie's Girl,0.727,0.834,2,-5.851,1,0.0496,0.165,0.00637,0.105,0.816,131.7,Classic Rock
Wanted Dead Or Alive,0.257,0.803,7,-3.886,1,0.0411,0.137,0.00637,0.297,0.294,150.818,Classic Rock
Knockin' On Heaven's Door,0.496,0.739,6,-7.193,1,0.0415,0.0211,0.00637,0.106,0.378,132.41,Classic Rock
Jack & Diane,0.811,0.41,9,-8.214,1,0.0391,0.0365,0.00637,0.0799,0.626,103.965,Classic Rock
Hurts So Good,0.785,0.737,9,-5.306,1,0.0363,0.042,0.00637,0.108,0.971,125.447,Classic Rock
Who'll Stop The Rain,0.598,0.797,7,-6.793,1,0.0332,0.0424,0.00637,0.0717,0.622,123.566,Classic Rock
Riders on the Storm,0.55,0.722,11,-11.729,0,0.0283,0.25,0.00637,0.11,0.716,103.886,Classic Rock
Sharp Dressed Man - 2008 Remaster,0.601,0.859,5,-5.263,1,0.0276,0.000359,0.00637,0.0871,0.446,125.145,Classic Rock
T.N.T.,0.754,0.759,9,-5.218,1,0.302,0.153,0.00637,0.101,0.435,126.366,Classic Rock
American Idiot,0.38,0.988,1,-2.042,1,0.0639,2.64E-05,0.00637,0.368,0.769,186.113,Classic Rock
Cold as Ice,0.562,0.609,3,-7.063,0,0.0271,0.0264,0.00637,0.17,0.512,130.753,Classic Rock
Take The Money And Run,0.565,0.645,0,-12.923,1,0.0484,0.0552,0.00637,0.151,0.836,99.3,Classic Rock
Rock'n Me,0.695,0.582,4,-11.35,1,0.0651,0.297,0.00637,0.123,0.892,122.433,Classic Rock
Peace of Mind,0.419,0.677,4,-6.183,1,0.0343,0.00101,0.00637,0.211,0.684,127.678,Classic Rock
Gimme Three Steps,0.554,0.74,9,-7.706,1,0.0803,0.698,0.00637,0.225,0.804,133.363,Classic Rock
Should I Stay or Should I Go - Remastered,0.743,0.836,2,-6.465,1,0.116,0.0804,0.00637,0.384,0.82,113.375,Classic Rock
Wheel in the Sky,0.442,0.745,2,-8.623,0,0.0741,0.084,0.00637,0.136,0.368,105.184,Classic Rock
Up Around The Bend,0.589,0.85,2,-6.143,1,0.0343,0.0606,0.00637,0.274,0.813,130.318,Classic Rock
Bad To The Bone,0.459,0.727,0,-11.777,1,0.0303,0.00614,0.00637,0.384,0.955,149.231,Classic Rock
Ramblin' Man,0.309,0.831,1,-8.288,1,0.036,0.488,0.00637,0.286,0.934,181.145,Classic Rock
Immigrant Song - Remaster,0.564,0.932,11,-10.068,1,0.0554,0.013,0.00637,0.349,0.619,112.937,Classic Rock
Spirit In The Sky,0.604,0.614,9,-7.087,1,0.0317,0.0853,0.00637,0.108,0.592,129.137,Classic Rock
Separate Ways (Worlds Apart),0.451,0.962,0,-3.947,1,0.0734,0.0188,0.00637,0.277,0.377,131.435,Classic Rock
(I Just) Died In Your Arms,0.625,0.726,11,-11.402,0,0.0444,0.0158,0.00637,0.0625,0.507,124.945,Classic Rock
Brown Eyed Girl,0.491,0.583,7,-10.964,1,0.0376,0.185,0.00637,0.406,0.908,150.566,Classic Rock
Black Betty,0.465,0.907,11,-6.404,0,0.113,0.0241,0.00637,0.13,0.681,117.293,Classic Rock
La Grange - 2005 Remaster,0.545,0.64,4,-9.937,0,0.224,0.00249,0.00637,0.196,0.606,80.544,Classic Rock
Slow Ride,0.493,0.586,2,-13.916,1,0.046,0.0202,0.00637,0.102,0.656,113.618,Classic Rock
Old Time Rock & Roll,0.714,0.937,6,-2.947,1,0.0399,0.206,0.00637,0.0731,0.964,124.13,Classic Rock
Nothin' But A Good Time - Remastered 2006,0.576,0.974,1,-2.785,1,0.0828,0.0202,0.00637,0.348,0.531,129.088,Classic Rock
Born in the U.S.A.,0.398,0.952,4,-6.042,1,0.061,0.000373,0.00637,0.1,0.584,122.093,Classic Rock
American Woman,0.688,0.671,1,-7.872,1,0.0975,0.0304,0.00637,0.0782,0.537,83.988,Classic Rock
American Girl,0.55,0.824,2,-5.988,1,0.0334,0.448,0.00637,0.366,0.777,114.512,Classic Rock
Iron Man - 2012 - Remaster,0.336,0.792,9,-10.875,1,0.084,0.00351,0.00637,0.0437,0.427,155.587,Classic Rock
Magic Carpet Ride,0.64,0.651,4,-14.981,0,0.0517,0.142,0.00637,0.0341,0.801,111.676,Classic Rock
Hey Jude - Remastered 2015,0.386,0.607,10,-7.7,1,0.0261,0.0112,0.00637,0.088,0.532,147.207,Classic Rock
Listen to the Music,0.645,0.598,1,-13.18,0,0.0335,0.221,0.00637,0.0721,0.913,105.929,Classic Rock
We Didn't Start the Fire,0.712,0.967,7,-5.206,1,0.047,0.0771,0.00637,0.356,0.895,145.024,Classic Rock
It's Still Rock and Roll to Me,0.752,0.684,0,-7.599,1,0.15,0.0994,0.00637,0.0897,0.539,141.075,Classic Rock
Come On Eileen,0.45,0.658,2,-7.064,1,0.0472,0.648,0.00637,0.264,0.781,106.799,Classic Rock
Wake Me Up Before You Go-Go,0.62,0.573,0,-11.893,1,0.0423,0.271,0.00637,0.0607,0.897,81.548,Classic Rock